id,person_id,event_id,registered_at,attended,ticket_amount
1,45,1,2023-04-23,yes,250
2,141,1,2023-03-21,yes,250
3,198,1,2023-04-03,yes,250
4,219,1,2023-04-11,no,250
5,280,1,2023-03-19,no,250
6,326,1,2023-03-11,yes,250
7,329,1,2023-04-11,yes,250
8,330,1,2023-04-05,yes,250
9,334,1,2023-03-27,no,250
10,350,1,2023-04-11,yes,250
11,398,1,2023-04-11,no,250
12,420,1,2023-03-20,yes,250
13,452,1,2023-04-10,yes,250
14,42,1,2023-04-17,yes,250
15,92,1,2023-04-02,yes,250
16,117,1,2023-04-14,yes,250
17,136,1,2023-04-21,yes,250
18,166,1,2023-04-21,no,250
19,245,1,2023-04-10,no,250
20,273,1,2023-03-14,yes,250
21,278,1,2023-03-10,yes,250
22,324,1,2023-03-29,yes,250
23,400,1,2023-04-19,yes,250
24,448,1,2023-03-13,no,250
25,58,1,2023-04-15,yes,250
26,89,1,2023-04-21,no,250
27,167,1,2023-04-22,no,250
28,201,1,2023-03-21,yes,250
29,237,1,2023-03-23,yes,250
30,299,1,2023-04-03,no,250
31,450,1,2023-03-22,no,250
32,464,1,2023-04-04,yes,250
33,15,1,2023-03-21,no,250
34,51,1,2023-04-15,no,250
35,87,1,2023-04-14,yes,250
36,102,1,2023-03-20,yes,250
37,210,1,2023-04-17,yes,250
38,242,1,2023-03-19,yes,250
39,264,1,2023-03-30,yes,250
40,271,1,2023-04-02,yes,250
41,390,1,2023-03-14,yes,250
42,405,1,2023-04-05,yes,250
43,441,1,2023-03-28,yes,250
44,10,1,2023-03-11,yes,250
45,72,1,2023-03-16,yes,250
46,99,1,2023-04-15,yes,250
47,113,1,2023-03-16,yes,250
48,129,1,2023-03-23,yes,250
49,244,1,2023-03-26,no,250
50,262,1,2023-03-28,yes,250
51,294,1,2023-03-11,yes,250
52,296,1,2023-03-27,yes,250
53,318,1,2023-04-09,yes,250
54,355,1,2023-04-07,yes,250
55,359,1,2023-04-02,yes,250
56,401,1,2023-04-10,yes,250
57,425,1,2023-03-13,yes,250
58,440,1,2023-04-09,yes,250
59,446,1,2023-04-18,yes,250
60,472,1,2023-03-17,no,250
61,481,1,2023-03-29,no,250
62,4,1,2023-04-15,yes,250
63,13,1,2023-03-27,yes,250
64,28,1,2023-03-20,no,250
65,35,1,2023-03-26,yes,250
66,47,1,2023-04-21,no,250
67,68,1,2023-04-17,yes,250
68,69,1,2023-04-22,yes,250
69,77,1,2023-03-10,yes,250
70,79,1,2023-03-16,yes,250
71,157,1,2023-04-13,yes,250
72,185,1,2023-04-22,yes,250
73,268,1,2023-04-10,yes,250
74,286,1,2023-04-19,yes,250
75,289,1,2023-04-17,yes,250
76,336,1,2023-03-15,no,250
77,339,1,2023-04-15,yes,250
78,342,1,2023-04-05,no,250
79,387,1,2023-04-08,yes,250
80,421,1,2023-03-20,yes,250
81,423,1,2023-03-19,yes,250
82,53,1,2023-04-22,yes,250
83,144,1,2023-04-21,no,250
84,277,1,2023-03-25,no,250
85,356,1,2023-04-20,no,250
86,432,1,2023-04-09,no,250
87,498,1,2023-03-11,yes,250
88,29,1,2023-04-22,yes,250
89,341,1,2023-04-17,yes,250
90,56,1,2023-04-08,yes,250
91,361,1,2023-03-21,yes,250
92,444,1,2023-04-07,yes,250
93,451,1,2023-04-13,yes,250
94,335,1,2023-04-15,yes,250
95,18,1,2023-04-09,yes,250
96,345,1,2023-04-14,yes,250
97,177,1,2023-04-08,yes,250
98,203,1,2023-03-10,no,250
99,48,1,2023-04-13,yes,250
100,456,1,2023-03-23,yes,250
101,344,1,2023-03-11,yes,250
102,205,1,2023-03-29,yes,250
103,357,1,2023-03-31,no,250
104,391,1,2023-04-18,yes,250
105,94,1,2023-04-10,yes,250
106,250,1,2023-03-19,no,250
107,316,1,2023-04-23,yes,250
108,453,1,2023-03-20,no,250
109,148,1,2023-03-22,yes,250
110,75,1,2023-03-29,yes,250
111,215,1,2023-04-19,yes,250
112,196,1,2023-04-17,yes,250
113,383,1,2023-03-11,yes,250
114,380,1,2023-03-12,yes,250
115,61,1,2023-04-19,yes,250
116,109,1,2023-04-10,yes,250
117,435,1,2023-03-12,yes,250
118,222,1,2023-04-16,yes,250
119,426,1,2023-04-06,yes,250
120,410,1,2023-04-14,no,250
121,303,1,2023-04-12,yes,250
122,269,1,2023-04-12,yes,250
123,147,1,2023-03-15,yes,250
124,46,1,2023-04-01,yes,250
125,153,1,2023-04-18,yes,250
126,416,1,2023-03-30,no,250
127,226,1,2023-04-02,yes,250
128,30,1,2023-04-21,yes,250
129,36,1,2023-03-22,yes,250
130,225,1,2023-04-07,yes,250
131,131,1,2023-04-05,yes,250
132,396,1,2023-03-11,yes,250
133,414,1,2023-03-29,yes,250
134,163,1,2023-04-15,yes,250
135,178,1,2023-04-20,yes,250
136,487,1,2023-03-12,yes,250
137,413,1,2023-03-18,yes,250
138,275,1,2023-03-10,no,250
139,192,1,2023-04-20,yes,250
140,31,1,2023-03-14,yes,250
141,78,1,2023-04-01,yes,250
142,388,1,2023-03-30,yes,250
143,1,1,2023-04-18,no,250
144,500,1,2023-03-17,yes,250
145,232,1,2023-04-05,yes,250
146,458,1,2023-04-16,yes,250
147,427,1,2023-03-14,yes,250
148,253,1,2023-03-15,yes,250
149,182,1,2023-03-18,yes,250
150,211,1,2023-04-06,yes,250
151,283,1,2023-03-17,yes,250
152,126,1,2023-03-28,no,250
153,193,1,2023-03-15,yes,250
154,238,1,2023-04-23,yes,250
155,60,1,2023-04-21,yes,250
156,312,1,2023-03-29,yes,250
157,469,1,2023-04-10,yes,250
158,142,1,2023-04-17,yes,250
159,221,1,2023-03-29,yes,250
160,138,1,2023-04-06,yes,250
161,171,1,2023-03-29,yes,250
162,168,1,2023-04-09,yes,250
163,22,1,2023-04-12,yes,250
164,246,1,2023-04-23,yes,250
165,233,1,2023-03-21,no,250
166,24,1,2023-03-24,yes,250
167,155,1,2023-04-17,yes,250
168,108,1,2023-04-17,yes,250
169,433,1,2023-04-05,yes,250
170,188,1,2023-03-14,yes,250
171,311,1,2023-03-16,yes,250
172,181,1,2023-04-08,yes,250
173,57,1,2023-03-16,no,250
174,200,1,2023-04-23,no,250
175,19,1,2023-04-12,no,250
176,482,1,2023-03-28,yes,250
177,493,1,2023-04-11,yes,250
178,64,1,2023-04-14,yes,250
179,252,1,2023-03-15,yes,250
180,429,1,2023-03-21,yes,250
181,194,1,2023-03-10,yes,250
182,394,1,2023-04-15,yes,250
183,263,1,2023-03-10,yes,250
184,491,1,2023-03-23,yes,250
185,150,1,2023-03-28,yes,250
186,248,1,2023-03-11,no,250
187,40,1,2023-04-17,yes,250
188,424,1,2023-03-17,no,250
189,33,1,2023-03-11,yes,250
190,293,1,2023-03-15,yes,250
191,288,1,2023-03-15,no,250
192,371,1,2023-04-02,yes,250
193,407,1,2023-04-08,no,250
194,176,1,2023-03-20,yes,250
195,443,1,2023-04-13,yes,250
196,259,1,2023-04-06,yes,250
197,322,1,2023-04-13,yes,250
198,170,1,2023-04-22,yes,250
199,351,1,2023-03-23,yes,250
200,240,1,2023-03-17,yes,250
201,243,1,2023-04-10,yes,250
202,180,1,2023-03-17,yes,250
203,112,1,2023-04-20,yes,250
204,190,1,2023-03-25,yes,250
205,217,1,2023-03-28,yes,250
206,212,1,2023-04-18,yes,250
207,304,1,2023-04-09,yes,250
208,462,1,2023-04-23,yes,250
209,158,1,2023-03-10,yes,250
210,367,1,2023-03-16,yes,250
211,473,1,2023-04-10,yes,250
212,186,1,2023-03-30,yes,250
213,95,1,2023-04-03,yes,250
214,80,1,2023-04-05,yes,250
215,191,1,2023-03-18,yes,250
216,104,1,2023-03-29,yes,250
217,12,1,2023-04-13,yes,250
218,146,1,2023-03-17,yes,250
219,332,1,2023-03-19,yes,250
220,323,1,2023-03-31,yes,250
221,45,2,2023-06-28,yes,0
222,141,2,2023-06-25,yes,0
223,280,2,2023-07-15,no,0
224,329,2,2023-07-01,yes,0
225,334,2,2023-06-19,yes,0
226,398,2,2023-06-10,yes,0
227,420,2,2023-06-25,yes,0
228,452,2,2023-07-08,yes,0
229,453,2,2023-06-10,yes,0
230,42,2,2023-07-08,yes,0
231,117,2,2023-06-14,yes,0
232,136,2,2023-07-14,yes,0
233,166,2,2023-07-02,yes,0
234,217,2,2023-07-22,no,0
235,278,2,2023-07-16,yes,0
236,324,2,2023-07-23,yes,0
237,345,2,2023-07-14,yes,0
238,400,2,2023-07-02,yes,0
239,404,2,2023-06-21,no,0
240,448,2,2023-06-29,yes,0
241,72,2,2023-07-02,no,0
242,99,2,2023-07-08,yes,0
243,130,2,2023-06-27,yes,0
244,243,2,2023-07-23,yes,0
245,265,2,2023-06-28,yes,0
246,296,2,2023-06-20,yes,0
247,316,2,2023-07-04,yes,0
248,375,2,2023-06-20,yes,0
249,379,2,2023-07-23,yes,0
250,397,2,2023-07-10,yes,0
251,419,2,2023-07-21,yes,0
252,440,2,2023-07-16,yes,0
253,472,2,2023-07-06,yes,0
254,481,2,2023-06-23,yes,0
255,493,2,2023-07-06,yes,0
256,4,2,2023-06-11,yes,0
257,16,2,2023-06-17,yes,0
258,26,2,2023-07-08,yes,0
259,33,2,2023-06-29,yes,0
260,54,2,2023-07-09,yes,0
261,63,2,2023-07-23,yes,0
262,71,2,2023-07-13,yes,0
263,76,2,2023-07-02,yes,0
264,82,2,2023-06-24,yes,0
265,95,2,2023-06-22,yes,0
266,135,2,2023-06-19,yes,0
267,138,2,2023-07-14,yes,0
268,140,2,2023-06-28,yes,0
269,180,2,2023-06-20,yes,0
270,186,2,2023-07-07,yes,0
271,252,2,2023-06-21,yes,0
272,257,2,2023-06-19,no,0
273,283,2,2023-07-09,yes,0
274,293,2,2023-06-30,yes,0
275,333,2,2023-06-19,no,0
276,382,2,2023-06-17,yes,0
277,391,2,2023-07-19,yes,0
278,394,2,2023-07-12,yes,0
279,396,2,2023-06-16,no,0
280,2,2,2023-07-21,yes,0
281,104,2,2023-06-18,yes,0
282,144,2,2023-06-21,yes,0
283,197,2,2023-07-03,yes,0
284,300,2,2023-06-20,yes,0
285,356,2,2023-07-01,yes,0
286,388,2,2023-07-11,yes,0
287,497,2,2023-06-13,yes,0
288,38,2,2023-06-29,yes,0
289,341,2,2023-07-13,yes,0
290,352,2,2023-07-22,yes,0
291,291,2,2023-06-30,yes,0
292,361,2,2023-07-12,no,0
293,47,2,2023-07-22,yes,0
294,56,2,2023-07-16,yes,0
295,268,2,2023-07-17,yes,0
296,250,2,2023-06-23,yes,0
297,165,2,2023-06-19,yes,0
298,101,2,2023-06-23,yes,0
299,203,2,2023-07-20,yes,0
300,191,2,2023-07-17,yes,0
301,424,2,2023-06-13,yes,0
302,111,2,2023-07-04,yes,0
303,146,2,2023-06-19,yes,0
304,308,2,2023-07-09,yes,0
305,387,2,2023-07-16,yes,0
306,245,2,2023-07-13,yes,0
307,211,2,2023-06-23,no,0
308,143,2,2023-07-18,yes,0
309,237,2,2023-07-15,yes,0
310,292,2,2023-07-06,yes,0
311,441,2,2023-07-24,yes,0
312,187,2,2023-07-19,no,0
313,125,2,2023-06-18,yes,0
314,14,2,2023-07-18,yes,0
315,75,2,2023-06-21,yes,0
316,102,2,2023-06-28,yes,0
317,498,2,2023-07-01,yes,0
318,294,2,2023-07-18,yes,0
319,66,2,2023-06-24,yes,0
320,427,2,2023-07-23,yes,0
321,467,2,2023-06-27,yes,0
322,224,2,2023-06-28,yes,0
323,32,2,2023-07-20,no,0
324,447,2,2023-07-09,yes,0
325,216,2,2023-07-11,yes,0
326,482,2,2023-06-26,yes,0
327,342,2,2023-07-21,yes,0
328,298,2,2023-07-09,yes,0
329,421,2,2023-06-28,yes,0
330,233,2,2023-06-27,no,0
331,303,2,2023-06-19,yes,0
332,327,2,2023-07-21,yes,0
333,311,2,2023-07-20,yes,0
334,279,2,2023-07-22,no,0
335,463,2,2023-06-10,no,0
336,179,2,2023-06-16,no,0
337,407,2,2023-06-12,yes,0
338,351,2,2023-07-07,yes,0
339,318,2,2023-06-11,yes,0
340,69,2,2023-06-29,yes,0
341,58,2,2023-06-22,yes,0
342,1,2,2023-06-21,yes,0
343,295,2,2023-07-06,yes,0
344,207,2,2023-06-25,yes,0
345,214,2,2023-06-26,yes,0
346,37,2,2023-06-20,no,0
347,305,2,2023-07-11,no,0
348,464,2,2023-07-24,yes,0
349,331,2,2023-07-10,yes,0
350,170,2,2023-07-04,yes,0
351,474,2,2023-06-11,yes,0
352,35,2,2023-07-20,no,0
353,476,2,2023-07-15,yes,0
354,202,2,2023-06-18,yes,0
355,469,2,2023-06-29,yes,0
356,176,2,2023-07-17,yes,0
357,496,2,2023-07-05,yes,0
358,105,2,2023-07-15,yes,0
359,157,2,2023-07-03,yes,0
360,335,2,2023-06-24,no,0
361,322,2,2023-07-16,yes,0
362,492,2,2023-07-18,yes,0
363,321,2,2023-06-10,yes,0
364,347,2,2023-06-14,yes,0
365,310,2,2023-07-11,yes,0
366,115,2,2023-07-22,yes,0
367,150,2,2023-06-30,yes,0
368,192,2,2023-07-11,yes,0
369,119,2,2023-06-15,yes,0
370,3,2,2023-06-29,no,0
371,289,2,2023-07-03,yes,0
372,19,2,2023-06-22,yes,0
373,410,2,2023-07-10,no,0
374,137,2,2023-06-28,yes,0
375,185,2,2023-06-22,no,0
376,246,2,2023-06-23,yes,0
377,5,2,2023-06-12,yes,0
378,357,2,2023-07-16,yes,0
379,230,2,2023-06-25,yes,0
380,28,2,2023-07-11,yes,0
381,377,2,2023-06-18,yes,0
382,253,2,2023-07-06,no,0
383,12,2,2023-07-16,yes,0
384,242,2,2023-06-20,yes,0
385,363,2,2023-06-27,yes,0
386,60,2,2023-06-12,no,0
387,346,2,2023-07-20,yes,0
388,251,2,2023-07-08,yes,0
389,368,2,2023-07-07,yes,0
390,204,2,2023-06-14,yes,0
391,83,2,2023-07-10,yes,0
392,190,2,2023-07-08,yes,0
393,456,2,2023-07-03,yes,0
394,155,2,2023-07-11,yes,0
395,371,2,2023-07-06,yes,0
396,234,2,2023-06-19,yes,0
397,225,2,2023-07-21,yes,0
398,262,2,2023-07-04,yes,0
399,205,2,2023-06-14,yes,0
400,365,2,2023-07-20,no,0
401,319,2,2023-07-15,yes,0
402,240,2,2023-06-24,yes,0
403,320,2,2023-07-07,yes,0
404,487,2,2023-06-13,no,0
405,429,2,2023-06-24,yes,0
406,425,2,2023-07-02,yes,0
407,277,2,2023-06-29,yes,0
408,161,2,2023-07-13,yes,0
409,491,2,2023-07-09,yes,0
410,442,2,2023-06-24,yes,0
411,169,2,2023-06-14,yes,0
412,354,2,2023-06-12,yes,0
413,87,2,2023-07-24,yes,0
414,433,2,2023-07-16,yes,0
415,84,2,2023-07-10,yes,0
416,108,2,2023-07-20,yes,0
417,231,2,2023-06-24,yes,0
418,385,2,2023-06-28,yes,0
419,417,2,2023-07-15,no,0
420,178,2,2023-07-03,yes,0
421,129,2,2023-06-30,no,0
422,256,2,2023-07-17,yes,0
423,126,2,2023-06-12,yes,0
424,337,2,2023-07-07,yes,0
425,198,2,2023-06-21,yes,0
426,29,2,2023-07-14,yes,0
427,46,2,2023-07-06,no,0
428,238,2,2023-07-13,yes,0
429,152,2,2023-06-23,yes,0
430,449,2,2023-06-10,yes,0
431,36,2,2023-07-01,yes,0
432,458,2,2023-06-15,yes,0
433,133,2,2023-07-12,yes,0
434,223,2,2023-07-04,no,0
435,285,2,2023-06-27,yes,0
436,255,2,2023-06-16,yes,0
437,304,2,2023-06-30,no,0
438,168,2,2023-07-11,no,0
439,193,2,2023-07-02,yes,0
440,23,2,2023-06-29,yes,0
441,70,2,2023-07-24,yes,0
442,31,2,2023-07-20,no,0
443,9,2,2023-06-16,yes,0
444,258,2,2023-06-21,yes,0
445,297,2,2023-07-08,yes,0
446,45,3,2023-07-31,yes,35
447,219,3,2023-09-04,yes,35
448,326,3,2023-08-22,yes,35
449,329,3,2023-08-08,yes,35
450,330,3,2023-09-08,yes,35
451,334,3,2023-08-05,yes,35
452,398,3,2023-08-24,yes,35
453,453,3,2023-08-02,yes,35
454,42,3,2023-08-04,yes,35
455,92,3,2023-08-18,yes,35
456,117,3,2023-09-07,yes,35
457,136,3,2023-09-06,yes,35
458,217,3,2023-08-02,yes,35
459,278,3,2023-09-03,yes,35
460,324,3,2023-08-02,yes,35
461,345,3,2023-08-15,yes,35
462,400,3,2023-08-04,yes,35
463,404,3,2023-08-28,yes,35
464,448,3,2023-08-26,yes,35
465,31,3,2023-08-22,yes,35
466,72,3,2023-08-21,yes,35
467,125,3,2023-08-17,yes,35
468,193,3,2023-08-06,yes,35
469,287,3,2023-08-07,yes,35
470,355,3,2023-08-13,yes,35
471,379,3,2023-08-13,no,35
472,401,3,2023-08-27,yes,35
473,402,3,2023-09-09,yes,35
474,415,3,2023-09-02,no,35
475,433,3,2023-08-08,no,35
476,456,3,2023-09-06,yes,35
477,457,3,2023-09-10,yes,35
478,472,3,2023-08-17,yes,35
479,491,3,2023-08-15,no,35
480,493,3,2023-07-30,yes,35
481,3,3,2023-09-09,yes,35
482,47,3,2023-07-29,yes,35
483,54,3,2023-09-07,yes,35
484,68,3,2023-08-02,yes,35
485,111,3,2023-09-03,yes,35
486,151,3,2023-08-03,no,35
487,188,3,2023-09-02,yes,35
488,231,3,2023-09-10,yes,35
489,233,3,2023-08-28,yes,35
490,312,3,2023-09-09,yes,35
491,348,3,2023-08-08,yes,35
492,391,3,2023-09-05,yes,35
493,436,3,2023-08-13,yes,35
494,443,3,2023-08-03,yes,35
495,500,3,2023-08-10,yes,35
496,43,3,2023-08-30,yes,35
497,351,3,2023-09-08,no,35
498,356,3,2023-08-31,yes,35
499,413,3,2023-07-31,yes,35
500,432,3,2023-08-18,yes,35
501,40,3,2023-08-10,yes,35
502,115,3,2023-08-14,yes,35
503,207,3,2023-08-16,yes,35
504,291,3,2023-08-01,yes,35
505,361,3,2023-07-31,yes,35
506,424,3,2023-09-02,yes,35
507,444,3,2023-08-15,yes,35
508,211,3,2023-08-08,no,35
509,481,3,2023-08-20,yes,35
510,255,3,2023-08-24,yes,35
511,135,3,2023-07-31,yes,35
512,332,3,2023-08-08,yes,35
513,446,3,2023-09-06,yes,35
514,61,3,2023-08-02,yes,35
515,17,3,2023-08-02,yes,35
516,327,3,2023-08-22,yes,35
517,253,3,2023-08-15,no,35
518,441,3,2023-08-05,yes,35
519,315,3,2023-08-06,yes,35
520,121,3,2023-07-31,yes,35
521,25,3,2023-08-21,no,35
522,411,3,2023-08-14,yes,35
523,144,3,2023-08-19,yes,35
524,127,3,2023-08-09,yes,35
525,289,3,2023-08-11,no,35
526,378,3,2023-08-13,yes,35
527,339,3,2023-08-06,yes,35
528,469,3,2023-08-29,yes,35
529,392,3,2023-09-02,yes,35
530,262,3,2023-08-06,yes,35
531,333,3,2023-08-31,yes,35
532,336,3,2023-08-25,yes,35
533,486,3,2023-07-31,yes,35
534,499,3,2023-08-10,yes,35
535,371,3,2023-08-08,yes,35
536,385,3,2023-08-19,no,35
537,282,3,2023-09-02,yes,35
538,383,3,2023-08-30,no,35
539,184,3,2023-09-05,yes,35
540,492,3,2023-08-25,yes,35
541,216,3,2023-08-09,no,35
542,108,3,2023-08-21,yes,35
543,104,3,2023-08-18,yes,35
544,299,3,2023-08-18,yes,35
545,161,3,2023-09-04,yes,35
546,497,3,2023-08-29,yes,35
547,143,3,2023-08-18,no,35
548,277,3,2023-07-29,yes,35
549,21,3,2023-08-12,no,35
550,347,3,2023-08-13,yes,35
551,406,3,2023-08-29,yes,35
552,134,3,2023-08-15,yes,35
553,495,3,2023-08-30,yes,35
554,335,3,2023-08-02,yes,35
555,316,3,2023-08-28,no,35
556,285,3,2023-07-31,yes,35
557,323,3,2023-08-23,no,35
558,197,3,2023-09-10,no,35
559,482,3,2023-09-05,no,35
560,425,3,2023-09-06,yes,35
561,129,3,2023-09-05,yes,35
562,137,3,2023-08-25,yes,35
563,64,3,2023-09-01,yes,35
564,232,3,2023-08-16,yes,35
565,414,3,2023-08-29,no,35
566,442,3,2023-08-16,yes,35
567,19,3,2023-08-28,yes,35
568,365,3,2023-08-27,no,35
569,295,3,2023-08-13,yes,35
570,358,3,2023-08-08,no,35
571,296,3,2023-08-16,yes,35
572,341,3,2023-09-06,yes,35
573,407,3,2023-08-27,yes,35
574,177,3,2023-08-10,yes,35
575,169,3,2023-08-22,yes,35
576,471,3,2023-09-03,yes,35
577,223,3,2023-08-02,yes,35
578,259,3,2023-08-03,yes,35
579,102,3,2023-08-15,yes,35
580,198,3,2023-09-09,yes,35
581,302,3,2023-08-06,yes,35
582,257,3,2023-08-15,no,35
583,51,3,2023-08-16,yes,35
584,163,3,2023-09-07,yes,35
585,90,3,2023-08-24,yes,35
586,435,3,2023-09-02,yes,35
587,237,3,2023-08-11,yes,35
588,494,3,2023-08-29,yes,35
589,483,3,2023-08-25,yes,35
590,35,3,2023-08-01,yes,35
591,275,3,2023-08-19,yes,35
592,36,3,2023-09-05,yes,35
593,101,3,2023-08-09,yes,35
594,464,3,2023-07-30,yes,35
595,182,3,2023-09-11,yes,35
596,244,3,2023-08-27,yes,35
597,461,3,2023-08-25,yes,35
598,243,3,2023-08-11,no,35
599,264,3,2023-09-11,no,35
600,403,3,2023-08-11,yes,35
601,463,3,2023-09-05,yes,35
602,281,3,2023-08-18,yes,35
603,82,3,2023-08-10,yes,35
604,66,3,2023-08-16,no,35
605,286,3,2023-08-25,yes,35
606,94,3,2023-08-08,yes,35
607,226,3,2023-08-16,yes,35
608,353,3,2023-07-31,yes,35
609,377,3,2023-09-03,yes,35
610,56,3,2023-08-08,no,35
611,294,3,2023-09-05,yes,35
612,5,3,2023-09-08,yes,35
613,394,3,2023-08-07,no,35
614,164,3,2023-08-06,yes,35
615,153,3,2023-09-07,yes,35
616,63,3,2023-07-31,no,35
617,16,3,2023-08-23,yes,35
618,417,3,2023-08-26,yes,35
619,180,3,2023-08-05,no,35
620,440,3,2023-07-30,yes,35
621,6,3,2023-08-13,yes,35
622,352,3,2023-08-20,yes,35
623,256,3,2023-08-15,yes,35
624,140,3,2023-09-04,yes,35
625,45,4,2023-10-14,yes,150
626,141,4,2023-10-13,yes,150
627,198,4,2023-10-22,yes,150
628,219,4,2023-11-09,yes,150
629,280,4,2023-10-11,yes,150
630,326,4,2023-10-24,yes,150
631,329,4,2023-10-31,yes,150
632,330,4,2023-11-07,yes,150
633,334,4,2023-11-03,no,150
634,350,4,2023-10-20,yes,150
635,398,4,2023-10-17,yes,150
636,420,4,2023-10-29,yes,150
637,453,4,2023-11-21,yes,150
638,42,4,2023-10-18,no,150
639,117,4,2023-11-16,yes,150
640,136,4,2023-10-31,yes,150
641,166,4,2023-11-07,yes,150
642,217,4,2023-11-06,no,150
643,245,4,2023-11-04,yes,150
644,273,4,2023-11-07,no,150
645,324,4,2023-11-23,yes,150
646,404,4,2023-10-28,yes,150
647,12,4,2023-11-09,yes,150
648,58,4,2023-11-01,yes,150
649,89,4,2023-11-02,yes,150
650,148,4,2023-10-31,yes,150
651,167,4,2023-10-24,no,150
652,201,4,2023-10-30,yes,150
653,237,4,2023-10-26,yes,150
654,299,4,2023-11-10,yes,150
655,450,4,2023-11-08,yes,150
656,464,4,2023-11-14,yes,150
657,242,4,2023-11-05,yes,150
658,271,4,2023-11-19,yes,150
659,292,4,2023-10-26,no,150
660,321,4,2023-10-18,yes,150
661,390,4,2023-11-05,yes,150
662,406,4,2023-10-25,yes,150
663,441,4,2023-11-22,yes,150
664,468,4,2023-10-18,yes,150
665,78,4,2023-11-04,yes,150
666,113,4,2023-10-26,no,150
667,128,4,2023-11-06,yes,150
668,243,4,2023-11-12,yes,150
669,296,4,2023-11-05,yes,150
670,316,4,2023-10-25,yes,150
671,355,4,2023-10-18,yes,150
672,368,4,2023-11-11,yes,150
673,378,4,2023-10-15,yes,150
674,383,4,2023-10-17,yes,150
675,401,4,2023-10-31,yes,150
676,425,4,2023-11-24,yes,150
677,433,4,2023-11-15,yes,150
678,491,4,2023-11-24,no,150
679,16,4,2023-11-19,yes,150
680,54,4,2023-10-18,no,150
681,69,4,2023-10-13,yes,150
682,111,4,2023-11-06,yes,150
683,133,4,2023-11-15,yes,150
684,143,4,2023-11-16,yes,150
685,176,4,2023-11-09,yes,150
686,185,4,2023-10-22,yes,150
687,186,4,2023-10-23,yes,150
688,220,4,2023-11-21,yes,150
689,240,4,2023-11-16,yes,150
690,289,4,2023-10-16,yes,150
691,298,4,2023-11-24,yes,150
692,303,4,2023-11-20,yes,150
693,320,4,2023-10-28,no,150
694,371,4,2023-11-15,yes,150
695,436,4,2023-10-18,yes,150
696,480,4,2023-11-14,yes,150
697,2,4,2023-10-21,no,150
698,197,4,2023-11-21,yes,150
699,225,4,2023-11-13,yes,150
700,351,4,2023-11-17,yes,150
701,388,4,2023-10-24,no,150
702,449,4,2023-11-01,yes,150
703,29,4,2023-10-29,yes,150
704,40,4,2023-10-20,yes,150
705,341,4,2023-11-15,yes,150
706,352,4,2023-10-25,yes,150
707,462,4,2023-11-14,yes,150
708,18,4,2023-10-21,yes,150
709,361,4,2023-11-16,yes,150
710,424,4,2023-11-11,no,150
711,61,4,2023-11-06,yes,150
712,20,4,2023-10-28,no,150
713,345,4,2023-11-06,yes,150
714,447,4,2023-10-13,no,150
715,234,4,2023-11-08,yes,150
716,333,4,2023-11-09,yes,150
717,187,4,2023-10-16,yes,150
718,158,4,2023-11-07,yes,150
719,483,4,2023-11-08,yes,150
720,294,4,2023-10-21,yes,150
721,277,4,2023-11-04,yes,150
722,278,4,2023-10-31,yes,150
723,112,4,2023-10-30,no,150
724,246,4,2023-10-12,yes,150
725,35,4,2023-10-14,yes,150
726,162,4,2023-10-26,yes,150
727,336,4,2023-11-13,yes,150
728,17,4,2023-10-22,yes,150
729,293,4,2023-10-25,yes,150
730,14,4,2023-10-26,yes,150
731,434,4,2023-11-18,yes,150
732,335,4,2023-11-17,no,150
733,432,4,2023-11-05,no,150
734,48,4,2023-11-05,yes,150
735,4,4,2023-11-04,no,150
736,49,4,2023-11-16,yes,150
737,216,4,2023-11-16,yes,150
738,287,4,2023-10-23,yes,150
739,410,4,2023-11-02,yes,150
740,207,4,2023-10-28,yes,150
741,182,4,2023-10-22,yes,150
742,295,4,2023-11-18,yes,150
743,272,4,2023-11-05,yes,150
744,63,4,2023-10-14,yes,150
745,471,4,2023-11-13,yes,150
746,94,4,2023-11-01,no,150
747,416,4,2023-10-18,no,150
748,342,4,2023-10-17,yes,150
749,323,4,2023-10-21,no,150
750,71,4,2023-11-08,yes,150
751,313,4,2023-10-13,yes,150
752,423,4,2023-10-11,yes,150
753,85,4,2023-11-05,yes,150
754,221,4,2023-10-21,yes,150
755,314,4,2023-11-02,no,150
756,346,4,2023-10-31,yes,150
757,127,4,2023-11-23,yes,150
758,400,4,2023-10-16,yes,150
759,407,4,2023-10-25,yes,150
760,121,4,2023-11-22,yes,150
761,46,4,2023-10-19,no,150
762,440,4,2023-11-14,yes,150
763,482,4,2023-11-06,yes,150
764,291,4,2023-11-09,yes,150
765,45,5,2023-10-03,yes,0
766,141,5,2023-09-12,yes,0
767,219,5,2023-10-12,yes,0
768,326,5,2023-09-03,yes,0
769,329,5,2023-09-17,yes,0
770,330,5,2023-09-07,yes,0
771,334,5,2023-09-29,yes,0
772,350,5,2023-09-09,yes,0
773,398,5,2023-10-07,yes,0
774,420,5,2023-09-03,yes,0
775,452,5,2023-10-02,yes,0
776,453,5,2023-09-02,no,0
777,92,5,2023-09-04,yes,0
778,117,5,2023-09-20,yes,0
779,217,5,2023-09-05,no,0
780,245,5,2023-09-19,yes,0
781,273,5,2023-09-25,no,0
782,324,5,2023-10-14,yes,0
783,345,5,2023-09-28,yes,0
784,404,5,2023-09-05,no,0
785,12,5,2023-10-09,yes,0
786,58,5,2023-10-04,no,0
787,89,5,2023-10-03,yes,0
788,237,5,2023-10-03,yes,0
789,299,5,2023-09-05,no,0
790,450,5,2023-09-30,yes,0
791,464,5,2023-09-22,no,0
792,87,5,2023-10-14,no,0
793,210,5,2023-10-12,no,0
794,242,5,2023-10-08,no,0
795,271,5,2023-09-03,yes,0
796,292,5,2023-09-08,yes,0
797,321,5,2023-09-07,yes,0
798,406,5,2023-10-01,no,0
799,1,5,2023-10-07,yes,0
800,22,5,2023-09-08,yes,0
801,78,5,2023-09-17,no,0
802,125,5,2023-09-15,yes,0
803,183,5,2023-10-08,yes,0
804,244,5,2023-10-15,yes,0
805,265,5,2023-09-26,yes,0
806,294,5,2023-10-14,no,0
807,296,5,2023-09-08,yes,0
808,425,5,2023-09-03,yes,0
809,440,5,2023-10-07,yes,0
810,491,5,2023-09-10,yes,0
811,492,5,2023-10-13,yes,0
812,3,5,2023-10-04,yes,0
813,26,5,2023-09-10,yes,0
814,49,5,2023-09-25,yes,0
815,231,5,2023-09-26,yes,0
816,268,5,2023-10-05,yes,0
817,272,5,2023-10-05,yes,0
818,293,5,2023-09-02,yes,0
819,365,5,2023-10-01,yes,0
820,391,5,2023-09-08,yes,0
821,394,5,2023-09-09,yes,0
822,471,5,2023-10-04,no,0
823,495,5,2023-10-14,yes,0
824,39,5,2023-10-04,yes,0
825,53,5,2023-09-28,yes,0
826,144,5,2023-09-20,yes,0
827,169,5,2023-09-11,yes,0
828,197,5,2023-09-19,yes,0
829,388,5,2023-09-19,no,0
830,413,5,2023-10-01,no,0
831,432,5,2023-09-12,yes,0
832,463,5,2023-09-04,no,0
833,498,5,2023-09-29,yes,0
834,29,5,2023-09-12,yes,0
835,38,5,2023-10-11,yes,0
836,462,5,2023-10-14,no,0
837,18,5,2023-09-19,yes,0
838,115,5,2023-10-14,yes,0
839,279,5,2023-09-20,yes,0
840,424,5,2023-09-25,no,0
841,444,5,2023-09-09,yes,0
842,45,6,2023-10-25,yes,75
843,198,6,2023-10-10,yes,75
844,219,6,2023-10-01,no,75
845,280,6,2023-09-29,yes,75
846,326,6,2023-10-13,yes,75
847,329,6,2023-10-10,yes,75
848,330,6,2023-10-05,no,75
849,334,6,2023-10-28,no,75
850,350,6,2023-10-22,yes,75
851,398,6,2023-10-03,yes,75
852,420,6,2023-10-23,no,75
853,452,6,2023-11-04,no,75
854,453,6,2023-10-07,yes,75
855,42,6,2023-11-04,yes,75
856,117,6,2023-10-21,no,75
857,136,6,2023-10-04,yes,75
858,166,6,2023-11-08,no,75
859,217,6,2023-09-28,yes,75
860,245,6,2023-09-29,yes,75
861,273,6,2023-10-20,no,75
862,278,6,2023-10-16,yes,75
863,324,6,2023-10-07,yes,75
864,400,6,2023-10-29,yes,75
865,404,6,2023-10-12,yes,75
866,448,6,2023-09-30,yes,75
867,1,6,2023-10-21,yes,75
868,10,6,2023-11-04,yes,75
869,193,6,2023-10-15,yes,75
870,215,6,2023-11-03,yes,75
871,238,6,2023-10-02,yes,75
872,265,6,2023-10-17,yes,75
873,355,6,2023-11-08,no,75
874,375,6,2023-10-30,yes,75
875,378,6,2023-10-23,yes,75
876,402,6,2023-10-20,yes,75
877,419,6,2023-11-07,yes,75
878,434,6,2023-10-02,yes,75
879,456,6,2023-11-04,yes,75
880,457,6,2023-10-26,no,75
881,25,6,2023-10-29,no,75
882,49,6,2023-11-01,yes,75
883,63,6,2023-10-08,yes,75
884,69,6,2023-10-12,yes,75
885,106,6,2023-10-05,yes,75
886,121,6,2023-09-28,yes,75
887,143,6,2023-11-01,yes,75
888,188,6,2023-11-03,no,75
889,233,6,2023-10-30,yes,75
890,272,6,2023-09-30,yes,75
891,276,6,2023-10-27,yes,75
892,293,6,2023-10-25,no,75
893,335,6,2023-11-05,yes,75
894,365,6,2023-11-03,yes,75
895,447,6,2023-10-11,yes,75
896,494,6,2023-10-05,yes,75
897,39,6,2023-10-08,yes,75
898,222,6,2023-11-07,yes,75
899,277,6,2023-10-30,no,75
900,354,6,2023-10-13,yes,75
901,463,6,2023-10-03,yes,75
902,497,6,2023-11-08,no,75
903,498,6,2023-10-29,yes,75
904,204,6,2023-10-29,yes,75
905,261,6,2023-10-04,yes,75
906,18,6,2023-10-30,yes,75
907,115,6,2023-10-19,yes,75
908,207,6,2023-11-01,yes,75
909,279,6,2023-11-06,no,75
910,291,6,2023-10-29,no,75
911,361,6,2023-10-03,yes,75
912,424,6,2023-11-03,yes,75
913,38,6,2023-10-25,no,75
914,35,6,2023-09-29,yes,75
915,425,6,2023-10-16,yes,75
916,336,6,2023-11-08,yes,75
917,48,6,2023-10-21,yes,75
918,228,6,2023-11-11,yes,75
919,134,6,2023-10-17,no,75
920,52,6,2023-10-21,no,75
921,253,6,2023-10-23,yes,75
922,257,6,2023-10-26,yes,75
923,12,6,2023-11-02,no,75
924,216,6,2023-10-11,yes,75
925,288,6,2023-10-10,yes,75
926,464,6,2023-10-20,yes,75
927,186,6,2023-10-31,yes,75
928,299,6,2023-10-13,yes,75
929,64,6,2023-10-02,yes,75
930,339,6,2023-10-11,yes,75
931,407,6,2023-11-06,yes,75
932,487,6,2023-10-31,yes,75
933,486,6,2023-11-07,yes,75
934,11,6,2023-10-06,yes,75
935,267,6,2023-10-11,yes,75
936,396,6,2023-11-11,yes,75
937,47,6,2023-10-15,no,75
938,129,6,2023-10-26,yes,75
939,133,6,2023-10-31,no,75
940,251,6,2023-10-28,yes,75
941,351,6,2023-10-03,yes,75
942,312,6,2023-10-28,yes,75
943,135,6,2023-10-16,no,75
944,99,6,2023-10-07,no,75
945,126,6,2023-10-15,yes,75
946,308,6,2023-10-10,no,75
947,17,6,2023-10-06,yes,75
948,168,6,2023-11-05,yes,75
949,414,6,2023-11-03,yes,75
950,221,6,2023-10-01,no,75
951,58,6,2023-10-09,yes,75
952,84,6,2023-10-25,yes,75
953,178,6,2023-10-15,yes,75
954,163,6,2023-11-07,yes,75
955,177,6,2023-10-10,yes,75
956,71,6,2023-09-29,yes,75
957,23,6,2023-10-21,yes,75
958,422,6,2023-10-07,yes,75
959,297,6,2023-10-11,yes,75
960,322,6,2023-10-10,yes,75
961,380,6,2023-10-07,yes,75
962,313,6,2023-10-17,yes,75
963,491,6,2023-09-29,yes,75
964,89,6,2023-10-06,yes,75
965,125,6,2023-10-16,yes,75
966,21,6,2023-11-09,yes,75
967,301,6,2023-11-02,yes,75
968,105,6,2023-11-08,yes,75
969,55,6,2023-11-04,yes,75
970,492,6,2023-10-15,no,75
971,331,6,2023-11-09,yes,75
972,132,6,2023-10-15,yes,75
973,282,6,2023-10-11,no,75
974,458,6,2023-10-22,yes,75
975,85,6,2023-11-04,yes,75
976,171,6,2023-11-03,yes,75
977,26,6,2023-10-23,yes,75
978,24,6,2023-10-15,yes,75
979,342,6,2023-10-07,no,75
980,203,6,2023-10-10,no,75
981,31,6,2023-10-02,yes,75
982,45,7,2023-02-25,yes,0
983,141,7,2023-02-08,yes,0
984,198,7,2023-02-21,no,0
985,219,7,2023-02-10,yes,0
986,280,7,2023-02-23,yes,0
987,326,7,2023-02-21,yes,0
988,329,7,2023-02-15,yes,0
989,334,7,2023-03-13,yes,0
990,350,7,2023-03-07,yes,0
991,398,7,2023-02-22,yes,0
992,420,7,2023-03-04,yes,0
993,452,7,2023-02-13,no,0
994,92,7,2023-03-03,yes,0
995,117,7,2023-03-01,yes,0
996,217,7,2023-02-28,yes,0
997,245,7,2023-02-06,yes,0
998,278,7,2023-02-21,yes,0
999,324,7,2023-02-16,yes,0
1000,404,7,2023-02-05,yes,0
1001,448,7,2023-03-02,no,0
1002,72,7,2023-03-10,yes,0
1003,129,7,2023-02-27,yes,0
1004,215,7,2023-03-06,yes,0
1005,243,7,2023-02-25,yes,0
1006,244,7,2023-02-12,yes,0
1007,265,7,2023-02-07,yes,0
1008,294,7,2023-03-03,yes,0
1009,359,7,2023-02-15,no,0
1010,375,7,2023-03-10,yes,0
1011,379,7,2023-02-19,no,0
1012,385,7,2023-03-04,yes,0
1013,397,7,2023-02-01,no,0
1014,456,7,2023-02-27,yes,0
1015,472,7,2023-03-06,yes,0
1016,481,7,2023-03-03,yes,0
1017,6,7,2023-02-12,yes,0
1018,25,7,2023-03-06,yes,0
1019,33,7,2023-02-18,no,0
1020,63,7,2023-03-17,yes,0
1021,71,7,2023-03-15,yes,0
1022,95,7,2023-02-16,yes,0
1023,176,7,2023-03-10,yes,0
1024,180,7,2023-02-23,no,0
1025,231,7,2023-02-06,yes,0
1026,232,7,2023-02-23,yes,0
1027,233,7,2023-02-14,yes,0
1028,252,7,2023-02-01,yes,0
1029,268,7,2023-02-20,yes,0
1030,289,7,2023-03-01,no,0
1031,293,7,2023-02-12,yes,0
1032,303,7,2023-02-01,no,0
1033,328,7,2023-03-15,yes,0
1034,339,7,2023-02-24,yes,0
1035,344,7,2023-03-10,yes,0
1036,391,7,2023-02-12,yes,0
1037,403,7,2023-02-08,yes,0
1038,439,7,2023-02-28,no,0
1039,461,7,2023-03-15,yes,0
1040,41,7,2023-02-01,yes,0
1041,144,7,2023-02-23,yes,0
1042,169,7,2023-02-03,yes,0
1043,197,7,2023-02-13,yes,0
1044,222,7,2023-02-11,yes,0
1045,277,7,2023-02-16,yes,0
1046,354,7,2023-03-17,yes,0
1047,413,7,2023-02-26,no,0
1048,9,7,2023-03-17,no,0
1049,29,7,2023-02-21,yes,0
1050,38,7,2023-02-28,no,0
1051,352,7,2023-03-04,yes,0
1052,18,7,2023-02-16,yes,0
1053,115,7,2023-02-12,yes,0
1054,279,7,2023-03-12,yes,0
1055,291,7,2023-02-04,yes,0
1056,361,7,2023-02-26,yes,0
1057,92,8,2023-01-24,yes,0
1058,117,8,2023-01-09,yes,0
1059,136,8,2023-02-11,yes,0
1060,166,8,2023-01-22,yes,0
1061,217,8,2023-01-08,no,0
1062,245,8,2023-02-13,yes,0
1063,273,8,2023-01-21,no,0
1064,278,8,2023-01-24,yes,0
1065,345,8,2023-01-28,no,0
1066,400,8,2023-01-08,yes,0
1067,1,8,2023-01-29,yes,0
1068,78,8,2023-02-05,yes,0
1069,243,8,2023-02-09,no,0
1070,296,8,2023-02-11,yes,0
1071,402,8,2023-02-01,yes,0
1072,419,8,2023-01-09,no,0
1073,434,8,2023-02-09,no,0
1074,440,8,2023-01-18,yes,0
1075,473,8,2023-02-17,yes,0
1076,481,8,2023-01-31,yes,0
1077,492,8,2023-01-14,yes,0
1078,6,8,2023-01-18,yes,0
1079,47,8,2023-01-27,no,0
1080,49,8,2023-01-06,yes,0
1081,106,8,2023-01-12,no,0
1082,133,8,2023-01-22,yes,0
1083,140,8,2023-02-02,yes,0
1084,151,8,2023-01-11,yes,0
1085,170,8,2023-02-09,yes,0
1086,240,8,2023-01-12,yes,0
1087,251,8,2023-01-14,yes,0
1088,276,8,2023-01-21,yes,0
1089,307,8,2023-01-08,yes,0
1090,342,8,2023-02-18,yes,0
1091,371,8,2023-02-11,no,0
1092,382,8,2023-01-06,yes,0
1093,423,8,2023-01-07,no,0
1094,494,8,2023-01-29,yes,0
1095,222,8,2023-02-11,yes,0
1096,225,8,2023-02-08,yes,0
1097,354,8,2023-01-14,no,0
1098,356,8,2023-01-20,yes,0
1099,497,8,2023-01-10,yes,0
1100,29,8,2023-02-17,yes,0
1101,40,8,2023-01-09,yes,0
1102,204,8,2023-01-24,yes,0
1103,261,8,2023-02-10,yes,0
1104,56,8,2023-01-26,yes,0
1105,207,8,2023-01-21,yes,0
1106,291,8,2023-02-08,yes,0
1107,45,9,2023-01-23,yes,0
1108,141,9,2023-01-17,no,0
1109,198,9,2023-01-05,yes,0
1110,219,9,2023-01-30,yes,0
1111,280,9,2023-02-09,no,0
1112,326,9,2022-12-27,yes,0
1113,329,9,2023-01-22,yes,0
1114,330,9,2022-12-31,no,0
1115,334,9,2023-01-27,yes,0
1116,350,9,2023-01-07,yes,0
1117,398,9,2023-01-01,no,0
1118,420,9,2023-01-05,no,0
1119,452,9,2023-01-11,yes,0
1120,42,9,2023-01-19,yes,0
1121,92,9,2023-01-18,yes,0
1122,117,9,2023-01-12,yes,0
1123,136,9,2023-02-08,yes,0
1124,166,9,2022-12-30,no,0
1125,217,9,2023-01-24,yes,0
1126,245,9,2023-01-22,yes,0
1127,45,10,2023-11-26,yes,0
1128,141,10,2023-11-11,yes,0
1129,198,10,2023-10-30,no,0
1130,219,10,2023-11-26,yes,0
1131,280,10,2023-11-15,no,0
1132,326,10,2023-11-24,yes,0
1133,329,10,2023-11-26,yes,0
1134,330,10,2023-12-13,no,0
1135,334,10,2023-11-28,yes,0
1136,398,10,2023-10-30,yes,0
1137,420,10,2023-11-04,yes,0
1138,452,10,2023-11-10,yes,0
1139,453,10,2023-11-21,yes,0
1140,42,10,2023-11-23,yes,0
1141,92,10,2023-11-27,yes,0
1142,117,10,2023-11-09,no,0
1143,136,10,2023-11-28,yes,0
1144,166,10,2023-11-15,yes,0
1145,217,10,2023-10-31,yes,0
1146,245,10,2023-11-22,yes,0
1147,273,10,2023-11-21,yes,0
1148,278,10,2023-12-03,yes,0
1149,345,10,2023-12-13,yes,0
1150,400,10,2023-11-15,yes,0
1151,448,10,2023-11-24,yes,0
1152,1,10,2023-11-22,no,0
1153,10,10,2023-11-15,yes,0
1154,31,10,2023-11-11,yes,0
1155,72,10,2023-11-15,yes,0
1156,125,10,2023-11-15,yes,0
1157,129,10,2023-12-02,no,0
1158,193,10,2023-12-09,yes,0
1159,238,10,2023-11-01,yes,0
1160,331,10,2023-11-04,yes,0
1161,368,10,2023-11-28,yes,0
1162,401,10,2023-11-28,yes,0
1163,419,10,2023-12-03,yes,0
1164,457,10,2023-11-27,yes,0
1165,472,10,2023-12-11,yes,0
1166,491,10,2023-11-01,yes,0
1167,28,10,2023-12-02,yes,0
1168,47,10,2023-11-24,yes,0
1169,54,10,2023-12-12,yes,0
1170,66,10,2023-11-02,yes,0
1171,71,10,2023-11-18,yes,0
1172,114,10,2023-12-02,yes,0
1173,221,10,2023-11-10,no,0
1174,240,10,2023-10-31,yes,0
1175,272,10,2023-11-12,yes,0
1176,303,10,2023-11-28,yes,0
1177,305,10,2023-12-07,yes,0
1178,312,10,2023-11-30,yes,0
1179,333,10,2023-12-11,no,0
1180,335,10,2023-11-21,yes,0
1181,336,10,2023-12-01,yes,0
1182,346,10,2023-12-10,yes,0
1183,387,10,2023-11-12,yes,0
1184,426,10,2023-12-05,yes,0
1185,443,10,2023-11-19,yes,0
1186,447,10,2023-11-02,yes,0
1187,495,10,2023-11-22,yes,0
1188,39,10,2023-11-21,yes,0
1189,43,10,2023-12-13,no,0
1190,104,10,2023-11-22,yes,0
1191,197,10,2023-12-13,yes,0
1192,225,10,2023-11-19,yes,0
1193,354,10,2023-11-14,yes,0
1194,432,10,2023-12-02,yes,0
1195,463,10,2023-11-24,yes,0
1196,498,10,2023-12-05,yes,0
1197,40,10,2023-11-14,yes,0
1198,352,10,2023-12-09,yes,0
1199,462,10,2023-11-23,yes,0
1200,115,10,2023-12-08,yes,0
1201,279,10,2023-11-18,yes,0
1202,424,10,2023-10-30,yes,0
1203,444,10,2023-12-12,yes,0
1204,311,10,2023-12-11,yes,0
1205,126,10,2023-12-10,yes,0
1206,359,10,2023-11-04,yes,0
1207,55,10,2023-11-13,yes,0
1208,267,10,2023-11-18,yes,0
1209,5,10,2023-11-28,yes,0
1210,201,10,2023-11-13,yes,0
1211,494,10,2023-12-11,no,0
1212,377,10,2023-10-30,yes,0
1213,234,10,2023-11-25,yes,0
1214,147,10,2023-11-10,yes,0
1215,385,10,2023-11-26,yes,0
1216,13,10,2023-12-08,yes,0
1217,18,10,2023-11-15,yes,0
1218,45,11,2023-06-07,yes,100
1219,141,11,2023-05-12,yes,100
1220,198,11,2023-06-07,yes,100
1221,219,11,2023-06-07,yes,100
1222,280,11,2023-06-07,no,100
1223,326,11,2023-06-15,yes,100
1224,329,11,2023-05-25,no,100
1225,330,11,2023-06-13,yes,100
1226,334,11,2023-06-18,yes,100
1227,350,11,2023-06-18,yes,100
1228,398,11,2023-06-11,yes,100
1229,420,11,2023-06-21,yes,100
1230,452,11,2023-05-19,yes,100
1231,453,11,2023-06-19,yes,100
1232,42,11,2023-06-07,yes,100
1233,166,11,2023-06-16,yes,100
1234,245,11,2023-06-02,yes,100
1235,273,11,2023-06-10,yes,100
1236,278,11,2023-05-12,yes,100
1237,324,11,2023-05-24,yes,100
1238,345,11,2023-06-04,yes,100
1239,400,11,2023-05-22,no,100
1240,78,11,2023-05-31,yes,100
1241,128,11,2023-06-04,yes,100
1242,130,11,2023-05-13,no,100
1243,287,11,2023-05-10,yes,100
1244,383,11,2023-06-04,yes,100
1245,16,11,2023-06-09,no,100
1246,28,11,2023-06-17,yes,100
1247,60,11,2023-06-10,yes,100
1248,76,11,2023-06-17,yes,100
1249,82,11,2023-06-17,no,100
1250,95,11,2023-06-07,yes,100
1251,138,11,2023-06-10,yes,100
1252,157,11,2023-05-08,yes,100
1253,161,11,2023-05-22,yes,100
1254,186,11,2023-06-14,no,100
1255,220,11,2023-06-19,yes,100
1256,221,11,2023-05-26,yes,100
1257,232,11,2023-06-15,yes,100
1258,250,11,2023-05-23,yes,100
1259,308,11,2023-05-16,yes,100
1260,423,11,2023-05-24,yes,100
1261,461,11,2023-06-16,yes,100
1262,480,11,2023-05-20,yes,100
1263,2,11,2023-05-08,yes,100
1264,327,11,2023-05-31,yes,100
1265,388,11,2023-06-08,yes,100
1266,477,11,2023-05-22,yes,100
1267,341,11,2023-05-19,no,100
1268,18,11,2023-05-25,yes,100
1269,207,11,2023-05-17,yes,100
1270,291,11,2023-06-15,yes,100
1271,424,11,2023-06-07,yes,100
1272,162,11,2023-05-30,yes,100
1273,158,11,2023-05-11,yes,100
1274,468,11,2023-05-30,yes,100
1275,258,11,2023-05-11,yes,100
1276,479,11,2023-05-24,yes,100
1277,7,11,2023-05-13,yes,100
1278,370,11,2023-05-19,yes,100
1279,379,11,2023-05-22,yes,100
1280,414,11,2023-06-08,yes,100
1281,21,11,2023-05-22,yes,100
1282,269,11,2023-05-18,yes,100
1283,54,11,2023-06-21,yes,100
1284,74,11,2023-05-08,no,100
1285,251,11,2023-05-19,yes,100
1286,292,11,2023-06-08,yes,100
1287,57,11,2023-05-27,yes,100
1288,33,11,2023-06-01,yes,100
1289,421,11,2023-06-12,no,100
1290,462,11,2023-05-24,yes,100
1291,293,11,2023-06-10,yes,100
1292,411,11,2023-05-26,no,100
1293,61,11,2023-05-14,no,100
1294,363,11,2023-05-15,yes,100
1295,66,11,2023-06-12,yes,100
1296,499,11,2023-06-17,yes,100
1297,323,11,2023-05-28,yes,100
1298,45,12,2024-03-04,yes,525
1299,141,12,2024-03-21,yes,525
1300,198,12,2024-03-21,yes,525
1301,219,12,2024-03-26,no,525
1302,280,12,2024-03-23,no,525
1303,326,12,2024-03-16,yes,525
1304,330,12,2024-03-24,yes,525
1305,334,12,2024-03-11,yes,525
1306,350,12,2024-04-05,yes,525
1307,398,12,2024-03-22,yes,525
1308,420,12,2024-03-19,no,525
1309,452,12,2024-04-06,yes,525
1310,453,12,2024-04-02,yes,525
1311,42,12,2024-03-01,yes,525
1312,92,12,2024-03-17,yes,525
1313,117,12,2024-03-09,yes,525
1314,136,12,2024-04-04,yes,525
1315,166,12,2024-04-07,no,525
1316,217,12,2024-04-09,yes,525
1317,245,12,2024-03-22,yes,525
1318,273,12,2024-03-10,yes,525
1319,278,12,2024-03-20,no,525
1320,345,12,2024-03-06,yes,525
1321,400,12,2024-04-10,yes,525
1322,404,12,2024-03-17,no,525
1323,448,12,2024-03-10,yes,525
1324,12,12,2024-03-10,no,525
1325,167,12,2024-03-31,no,525
1326,201,12,2024-03-25,no,525
1327,299,12,2024-03-28,yes,525
1328,464,12,2024-04-07,no,525
1329,102,12,2024-03-29,yes,525
1330,107,12,2024-04-11,no,525
1331,242,12,2024-03-01,yes,525
1332,264,12,2024-04-08,yes,525
1333,406,12,2024-03-10,yes,525
1334,416,12,2024-03-28,yes,525
1335,441,12,2024-03-14,yes,525
1336,7,12,2024-04-04,yes,525
1337,91,12,2024-03-03,no,525
1338,113,12,2024-03-29,yes,525
1339,128,12,2024-04-05,no,525
1340,129,12,2024-04-09,yes,525
1341,130,12,2024-03-05,yes,525
1342,193,12,2024-04-07,yes,525
1343,243,12,2024-04-13,yes,525
1344,244,12,2024-04-01,no,525
1345,318,12,2024-03-05,yes,525
1346,355,12,2024-03-09,no,525
1347,368,12,2024-04-10,yes,525
1348,379,12,2024-03-10,no,525
1349,397,12,2024-03-03,no,525
1350,425,12,2024-03-29,yes,525
1351,433,12,2024-03-01,yes,525
1352,456,12,2024-03-10,yes,525
1353,492,12,2024-03-31,no,525
1354,37,12,2024-03-04,yes,525
1355,47,12,2024-03-29,yes,525
1356,106,12,2024-03-13,no,525
1357,133,12,2024-03-20,no,525
1358,135,12,2024-03-16,yes,525
1359,138,12,2024-04-12,yes,525
1360,143,12,2024-03-26,yes,525
1361,194,12,2024-03-07,yes,525
1362,220,12,2024-04-02,yes,525
1363,233,12,2024-03-11,yes,525
1364,249,12,2024-03-18,yes,525
1365,251,12,2024-03-25,no,525
1366,252,12,2024-03-15,yes,525
1367,272,12,2024-03-22,yes,525
1368,275,12,2024-04-13,no,525
1369,320,12,2024-03-08,yes,525
1370,371,12,2024-04-04,yes,525
1371,394,12,2024-04-08,yes,525
1372,396,12,2024-03-22,no,525
1373,422,12,2024-04-02,yes,525
1374,436,12,2024-03-01,yes,525
1375,447,12,2024-03-08,yes,525
1376,471,12,2024-03-20,yes,525
1377,494,12,2024-04-04,yes,525
1378,41,12,2024-04-03,yes,525
1379,169,12,2024-03-17,yes,525
1380,181,12,2024-04-13,yes,525
1381,182,12,2024-03-01,yes,525
1382,497,12,2024-04-04,no,525
1383,9,12,2024-03-04,yes,525
1384,29,12,2024-03-29,yes,525
1385,38,12,2024-03-13,yes,525
1386,204,12,2024-03-10,yes,525
1387,462,12,2024-03-24,yes,525
1388,18,12,2024-03-25,yes,525
1389,56,12,2024-03-07,no,525
1390,115,12,2024-03-04,yes,525
1391,291,12,2024-04-01,yes,525
1392,411,12,2024-03-23,yes,525
1393,285,12,2024-03-14,yes,525
1394,54,12,2024-03-28,yes,525
1395,354,12,2024-04-04,yes,525
1396,467,12,2024-03-13,yes,525
1397,64,12,2024-04-13,yes,525
1398,32,12,2024-03-09,yes,525
1399,250,12,2024-03-29,yes,525
1400,162,12,2024-04-11,yes,525
1401,226,12,2024-04-09,yes,525
1402,269,12,2024-04-07,yes,525
1403,2,12,2024-03-12,yes,525
1404,170,12,2024-03-05,no,525
1405,382,12,2024-03-21,no,525
1406,180,12,2024-03-25,no,525
1407,463,12,2024-03-01,yes,525
1408,485,12,2024-04-03,yes,525
1409,332,12,2024-03-08,no,525
1410,60,12,2024-03-19,yes,525
1411,314,12,2024-03-20,yes,525
1412,317,12,2024-03-14,no,525
1413,468,12,2024-04-13,yes,525
1414,17,12,2024-03-27,yes,525
1415,353,12,2024-04-04,yes,525
1416,347,12,2024-04-02,yes,525
1417,61,12,2024-03-25,yes,525
1418,380,12,2024-03-05,no,525
1419,286,12,2024-04-06,yes,525
1420,87,12,2024-03-19,yes,525
1421,94,12,2024-04-04,no,525
1422,224,12,2024-04-11,no,525
1423,78,12,2024-04-03,yes,525
1424,55,12,2024-04-06,yes,525
1425,303,12,2024-03-07,no,525
1426,458,12,2024-03-12,yes,525
1427,375,12,2024-04-06,no,525
1428,304,12,2024-03-27,yes,525
1429,246,12,2024-03-15,no,525
1430,111,12,2024-03-22,yes,525
1431,477,12,2024-04-05,no,525
1432,483,12,2024-03-03,yes,525
1433,283,12,2024-04-07,yes,525
1434,44,12,2024-03-20,yes,525
1435,114,12,2024-04-10,yes,525
1436,387,12,2024-03-11,yes,525
1437,259,12,2024-04-14,no,525
1438,499,12,2024-03-29,yes,525
1439,268,12,2024-03-01,yes,525
1440,84,12,2024-03-27,yes,525
1441,70,12,2024-04-09,yes,525
1442,263,12,2024-03-24,yes,525
1443,142,12,2024-03-28,yes,525
1444,461,12,2024-04-09,yes,525
1445,188,12,2024-04-01,yes,525
1446,10,12,2024-03-06,yes,525
1447,21,12,2024-03-25,yes,525
1448,479,12,2024-04-09,no,525
1449,281,12,2024-03-04,yes,525
1450,105,12,2024-04-14,yes,525
1451,319,12,2024-03-31,yes,525
1452,132,12,2024-03-30,yes,525
1453,302,12,2024-03-11,yes,525
1454,30,12,2024-03-05,yes,525
1455,126,12,2024-03-04,yes,525
1456,72,12,2024-03-18,yes,525
1457,172,12,2024-03-15,yes,525
1458,298,12,2024-03-19,yes,525
1459,109,12,2024-04-01,yes,525
1460,71,12,2024-04-12,yes,525
1461,449,12,2024-04-12,yes,525
1462,85,12,2024-03-31,no,525
1463,151,12,2024-03-07,no,525
1464,228,12,2024-03-12,yes,525
1465,157,12,2024-03-14,yes,525
1466,43,12,2024-03-02,yes,525
1467,333,12,2024-03-12,yes,525
1468,164,12,2024-04-14,yes,525
1469,158,12,2024-03-20,yes,525
1470,203,12,2024-04-05,yes,525
1471,421,12,2024-04-13,yes,525
1472,312,12,2024-03-15,yes,525
1473,202,12,2024-04-12,no,525
1474,255,12,2024-03-01,yes,525
1475,31,12,2024-03-16,yes,525
1476,177,12,2024-03-08,yes,525
1477,410,12,2024-04-03,yes,525
1478,51,12,2024-04-12,yes,525
1479,98,12,2024-03-03,yes,525
1480,331,12,2024-04-08,yes,525
1481,328,12,2024-04-04,no,525
1482,351,12,2024-04-13,yes,525
1483,357,12,2024-03-08,no,525
1484,327,12,2024-03-25,yes,525
1485,131,12,2024-04-14,yes,525
1486,359,12,2024-03-29,yes,525
1487,22,12,2024-03-24,yes,525
1488,5,12,2024-03-12,yes,525
1489,95,12,2024-04-12,yes,525
1490,265,12,2024-03-26,yes,525
1491,19,12,2024-03-20,yes,525
1492,211,12,2024-04-06,yes,525
1493,196,12,2024-03-30,yes,525
1494,323,12,2024-03-02,yes,525
1495,214,12,2024-03-11,yes,525
1496,293,12,2024-04-02,yes,525
1497,439,12,2024-04-05,yes,525
1498,344,12,2024-04-02,yes,525
1499,435,12,2024-03-12,yes,525
1500,339,12,2024-03-10,yes,525
1501,127,12,2024-03-24,no,525
1502,192,12,2024-03-29,yes,525
1503,474,12,2024-03-04,no,525
1504,313,12,2024-04-07,yes,525
1505,237,12,2024-03-02,yes,525
1506,308,12,2024-03-22,yes,525
1507,89,12,2024-03-23,yes,525
1508,99,12,2024-04-04,no,525
1509,35,12,2024-03-22,no,525
1510,34,12,2024-04-12,yes,525
1511,15,12,2024-04-04,yes,525
1512,221,12,2024-04-04,yes,525
1513,495,12,2024-03-18,no,525
1514,493,12,2024-03-11,yes,525
1515,119,12,2024-03-08,yes,525
1516,348,12,2024-03-17,yes,525
1517,496,12,2024-03-21,yes,525
1518,68,12,2024-03-07,yes,525
1519,457,12,2024-04-09,yes,525
1520,292,12,2024-03-09,yes,525
1521,16,12,2024-03-09,yes,525
1522,376,12,2024-03-28,yes,525
1523,282,12,2024-03-08,yes,525
1524,391,12,2024-03-14,no,525
1525,187,12,2024-03-09,no,525
1526,402,12,2024-03-23,no,525
1527,340,12,2024-04-03,yes,525
1528,393,12,2024-03-08,no,525
1529,321,12,2024-03-21,yes,525
1530,234,12,2024-04-02,yes,525
1531,361,12,2024-03-09,yes,525
1532,297,12,2024-04-12,yes,525
1533,401,12,2024-03-29,yes,525
1534,294,12,2024-04-02,yes,525
1535,77,12,2024-04-02,yes,525
1536,168,12,2024-03-07,no,525
1537,290,12,2024-04-14,yes,525
1538,352,12,2024-04-02,yes,525
1539,165,12,2024-03-31,yes,525
1540,24,12,2024-03-10,yes,525
1541,184,12,2024-03-09,yes,525
1542,296,12,2024-03-23,yes,525
1543,48,12,2024-03-14,yes,525
1544,74,12,2024-03-23,no,525
1545,372,12,2024-04-12,yes,525
1546,39,12,2024-04-13,yes,525
1547,222,12,2024-04-08,yes,525
1548,277,12,2024-04-06,yes,525
1549,300,12,2024-03-13,no,525
1550,90,12,2024-04-02,yes,525
1551,163,12,2024-04-03,yes,525
1552,197,12,2024-04-11,yes,525
1553,173,12,2024-03-26,yes,525
1554,248,12,2024-03-13,yes,525
1555,469,12,2024-03-22,yes,525
1556,440,12,2024-04-09,yes,525
1557,153,12,2024-04-04,yes,525
1558,403,12,2024-03-24,yes,525
1559,45,13,2024-06-07,yes,0
1560,141,13,2024-06-21,yes,0
1561,198,13,2024-06-09,yes,0
1562,219,13,2024-07-01,no,0
1563,280,13,2024-06-20,no,0
1564,326,13,2024-06-18,yes,0
1565,329,13,2024-07-01,yes,0
1566,330,13,2024-07-11,yes,0
1567,334,13,2024-06-25,no,0
1568,350,13,2024-07-16,yes,0
1569,398,13,2024-07-02,yes,0
1570,420,13,2024-06-07,yes,0
1571,452,13,2024-06-10,yes,0
1572,453,13,2024-06-22,yes,0
1573,42,13,2024-07-12,yes,0
1574,92,13,2024-06-20,yes,0
1575,136,13,2024-06-30,yes,0
1576,166,13,2024-07-07,yes,0
1577,217,13,2024-06-28,no,0
1578,245,13,2024-07-09,yes,0
1579,324,13,2024-06-14,yes,0
1580,400,13,2024-07-15,yes,0
1581,404,13,2024-07-14,yes,0
1582,448,13,2024-06-07,yes,0
1583,129,13,2024-06-12,yes,0
1584,130,13,2024-06-10,yes,0
1585,262,13,2024-06-16,yes,0
1586,287,13,2024-07-05,yes,0
1587,296,13,2024-07-06,no,0
1588,359,13,2024-07-05,yes,0
1589,456,13,2024-06-17,no,0
1590,473,13,2024-07-07,yes,0
1591,21,13,2024-07-15,yes,0
1592,25,13,2024-06-17,yes,0
1593,28,13,2024-06-18,yes,0
1594,77,13,2024-07-18,no,0
1595,79,13,2024-06-09,yes,0
1596,111,13,2024-06-27,yes,0
1597,176,13,2024-06-12,no,0
1598,180,13,2024-06-07,yes,0
1599,251,13,2024-07-13,yes,0
1600,268,13,2024-06-13,yes,0
1601,283,13,2024-07-11,yes,0
1602,288,13,2024-07-09,no,0
1603,289,13,2024-06-21,yes,0
1604,303,13,2024-07-18,no,0
1605,312,13,2024-07-05,yes,0
1606,339,13,2024-06-24,no,0
1607,439,13,2024-07-04,yes,0
1608,181,13,2024-07-05,no,0
1609,300,13,2024-06-23,no,0
1610,354,13,2024-06-11,yes,0
1611,477,13,2024-06-26,no,0
1612,498,13,2024-07-16,yes,0
1613,261,13,2024-07-11,yes,0
1614,462,13,2024-06-08,yes,0
1615,56,13,2024-07-18,yes,0
1616,207,13,2024-07-11,yes,0
1617,291,13,2024-06-21,yes,0
1618,361,13,2024-07-14,yes,0
1619,444,13,2024-06-24,yes,0
1620,1,13,2024-06-06,no,0
1621,233,13,2024-06-04,yes,0
1622,321,13,2024-06-27,yes,0
1623,423,13,2024-06-26,no,0
1624,120,13,2024-07-10,yes,0
1625,323,13,2024-07-16,yes,0
1626,90,13,2024-06-11,yes,0
1627,192,13,2024-06-06,yes,0
1628,292,13,2024-06-26,yes,0
1629,450,13,2024-06-04,yes,0
1630,474,13,2024-06-25,yes,0
1631,441,13,2024-06-10,yes,0
1632,47,13,2024-07-05,yes,0
1633,178,13,2024-06-21,yes,0
1634,75,13,2024-06-26,yes,0
1635,242,13,2024-06-25,no,0
1636,211,13,2024-06-08,yes,0
1637,297,13,2024-07-07,no,0
1638,464,13,2024-06-17,yes,0
1639,248,13,2024-06-11,no,0
1640,204,13,2024-07-06,yes,0
1641,44,13,2024-06-05,yes,0
1642,259,13,2024-07-14,yes,0
1643,72,13,2024-07-10,yes,0
1644,137,13,2024-07-16,yes,0
1645,20,13,2024-06-25,no,0
1646,55,13,2024-07-01,yes,0
1647,112,13,2024-06-26,yes,0
1648,131,13,2024-06-12,no,0
1649,249,13,2024-07-04,yes,0
1650,144,13,2024-06-23,yes,0
1651,175,13,2024-07-02,no,0
1652,377,13,2024-07-06,no,0
1653,174,13,2024-06-30,yes,0
1654,32,13,2024-06-27,yes,0
1655,337,13,2024-07-18,yes,0
1656,91,13,2024-06-14,yes,0
1657,39,13,2024-06-26,yes,0
1658,481,13,2024-06-09,yes,0
1659,365,13,2024-06-25,no,0
1660,379,13,2024-06-24,yes,0
1661,113,13,2024-06-14,yes,0
1662,185,13,2024-06-20,no,0
1663,40,13,2024-07-17,yes,0
1664,397,13,2024-06-15,no,0
1665,478,13,2024-07-12,yes,0
1666,29,13,2024-06-29,yes,0
1667,41,13,2024-06-22,yes,0
1668,202,13,2024-06-25,yes,0
1669,187,13,2024-07-10,yes,0
1670,43,13,2024-06-24,yes,0
1671,311,13,2024-07-05,yes,0
1672,2,13,2024-07-07,yes,0
1673,455,13,2024-07-03,yes,0
1674,98,13,2024-07-14,no,0
1675,182,13,2024-06-18,yes,0
1676,23,13,2024-06-19,yes,0
1677,318,13,2024-06-12,yes,0
1678,84,13,2024-07-14,no,0
1679,449,13,2024-06-29,yes,0
1680,333,13,2024-06-15,no,0
1681,402,13,2024-06-22,yes,0
1682,37,13,2024-07-01,yes,0
1683,183,13,2024-06-20,no,0
1684,212,13,2024-06-18,yes,0
1685,132,13,2024-07-12,no,0
1686,388,13,2024-07-14,yes,0
1687,356,13,2024-06-08,yes,0
1688,411,13,2024-06-21,yes,0
1689,429,13,2024-07-03,yes,0
1690,496,13,2024-06-17,yes,0
1691,342,13,2024-06-15,yes,0
1692,355,13,2024-06-07,yes,0
1693,127,13,2024-07-15,no,0
1694,375,13,2024-06-15,yes,0
1695,106,13,2024-07-16,yes,0
1696,76,13,2024-07-12,yes,0
1697,493,13,2024-07-17,yes,0
1698,133,13,2024-07-17,yes,0
1699,480,13,2024-07-16,yes,0
1700,16,13,2024-06-27,yes,0
1701,34,13,2024-07-06,no,0
1702,224,13,2024-06-22,yes,0
1703,64,13,2024-07-16,no,0
1704,167,13,2024-06-30,yes,0
1705,173,13,2024-07-03,no,0
1706,54,13,2024-07-14,no,0
1707,140,13,2024-07-06,yes,0
1708,83,13,2024-07-12,no,0
1709,295,13,2024-06-07,no,0
1710,193,13,2024-06-29,yes,0
1711,336,13,2024-06-17,yes,0
1712,351,13,2024-06-17,yes,0
1713,95,13,2024-07-13,yes,0
1714,228,13,2024-06-21,no,0
1715,313,13,2024-06-22,yes,0
1716,87,13,2024-07-03,yes,0
1717,308,13,2024-06-04,yes,0
1718,380,13,2024-06-14,yes,0
1719,285,13,2024-06-25,yes,0
1720,225,13,2024-06-24,yes,0
1721,302,13,2024-07-01,yes,0
1722,216,13,2024-06-28,no,0
1723,3,13,2024-07-15,yes,0
1724,135,13,2024-06-11,yes,0
1725,46,13,2024-06-22,yes,0
1726,222,13,2024-06-04,yes,0
1727,370,13,2024-06-07,no,0
1728,315,13,2024-07-16,no,0
1729,482,13,2024-07-10,no,0
1730,290,13,2024-07-05,yes,0
1731,405,13,2024-07-14,yes,0
1732,422,13,2024-06-18,yes,0
1733,223,13,2024-06-04,no,0
1734,461,13,2024-06-22,yes,0
1735,427,13,2024-07-03,yes,0
1736,298,13,2024-07-13,yes,0
1737,499,13,2024-06-27,yes,0
1738,184,13,2024-07-02,yes,0
1739,61,13,2024-06-04,yes,0
1740,486,13,2024-06-09,yes,0
1741,483,13,2024-06-09,yes,0
1742,269,13,2024-06-12,yes,0
1743,392,13,2024-07-13,yes,0
1744,424,13,2024-06-27,yes,0
1745,293,13,2024-06-28,no,0
1746,433,13,2024-06-10,no,0
1747,147,13,2024-06-26,no,0
1748,426,13,2024-07-17,yes,0
1749,265,13,2024-06-21,no,0
1750,340,13,2024-06-10,no,0
1751,107,13,2024-06-12,yes,0
1752,366,13,2024-07-09,yes,0
1753,263,13,2024-06-04,yes,0
1754,458,13,2024-06-14,yes,0
1755,226,13,2024-06-12,yes,0
1756,253,13,2024-06-16,no,0
1757,5,13,2024-06-17,yes,0
1758,17,13,2024-06-08,yes,0
1759,6,13,2024-06-19,yes,0
1760,191,13,2024-06-07,no,0
1761,108,13,2024-06-11,no,0
1762,196,13,2024-06-13,yes,0
1763,11,13,2024-06-27,yes,0
1764,278,13,2024-06-05,no,0
1765,38,13,2024-06-21,yes,0
1766,148,13,2024-06-18,yes,0
1767,425,13,2024-06-04,no,0
1768,403,13,2024-06-15,yes,0
1769,9,13,2024-06-22,yes,0
1770,320,13,2024-06-08,yes,0
1771,69,13,2024-06-17,yes,0
1772,387,13,2024-06-10,no,0
1773,275,13,2024-06-16,yes,0
1774,35,13,2024-06-23,no,0
1775,472,13,2024-07-18,yes,0
1776,237,13,2024-06-29,yes,0
1777,494,13,2024-06-20,yes,0
1778,171,13,2024-07-11,no,0
1779,348,13,2024-07-17,no,0
1780,314,13,2024-06-08,yes,0
1781,457,13,2024-06-21,yes,0
1782,89,13,2024-06-25,yes,0
1783,440,13,2024-06-11,no,0
1784,186,13,2024-06-22,no,0
1785,492,13,2024-07-12,yes,0
1786,128,13,2024-06-17,no,0
1787,14,13,2024-06-21,yes,0
1788,316,13,2024-06-04,no,0
1789,500,13,2024-07-05,yes,0
1790,301,13,2024-06-18,yes,0
1791,165,13,2024-07-15,no,0
1792,469,13,2024-06-16,no,0
1793,358,13,2024-07-07,no,0
1794,451,13,2024-07-01,yes,0
1795,125,13,2024-07-05,yes,0
1796,234,13,2024-07-09,yes,0
1797,382,13,2024-07-02,yes,0
1798,143,13,2024-07-16,yes,0
1799,368,13,2024-06-08,yes,0
1800,33,13,2024-07-03,yes,0
1801,347,13,2024-07-07,yes,0
1802,281,13,2024-07-03,yes,0
1803,417,13,2024-06-28,yes,0
1804,101,13,2024-07-02,no,0
1805,406,13,2024-07-18,yes,0
1806,272,13,2024-07-06,yes,0
1807,215,13,2024-06-17,yes,0
1808,491,13,2024-06-11,yes,0
1809,463,13,2024-07-13,no,0
1810,279,13,2024-06-08,yes,0
1811,141,14,2024-08-12,yes,37
1812,198,14,2024-08-26,no,37
1813,219,14,2024-09-16,yes,37
1814,280,14,2024-09-13,yes,37
1815,326,14,2024-08-21,no,37
1816,329,14,2024-08-11,no,37
1817,330,14,2024-09-15,yes,37
1818,350,14,2024-09-11,yes,37
1819,398,14,2024-09-23,no,37
1820,420,14,2024-09-23,yes,37
1821,452,14,2024-08-20,yes,37
1822,453,14,2024-09-09,yes,37
1823,42,14,2024-09-05,yes,37
1824,117,14,2024-09-03,yes,37
1825,136,14,2024-09-02,no,37
1826,217,14,2024-09-14,yes,37
1827,245,14,2024-09-16,yes,37
1828,273,14,2024-08-25,yes,37
1829,324,14,2024-08-14,yes,37
1830,404,14,2024-08-28,yes,37
1831,22,14,2024-09-03,no,37
1832,193,14,2024-09-12,yes,37
1833,238,14,2024-09-15,yes,37
1834,262,14,2024-08-18,yes,37
1835,296,14,2024-08-28,yes,37
1836,331,14,2024-09-21,yes,37
1837,368,14,2024-09-07,yes,37
1838,378,14,2024-08-15,yes,37
1839,415,14,2024-09-06,yes,37
1840,446,14,2024-08-28,yes,37
1841,472,14,2024-08-12,no,37
1842,481,14,2024-09-16,yes,37
1843,491,14,2024-08-29,no,37
1844,493,14,2024-08-19,no,37
1845,13,14,2024-09-18,yes,37
1846,54,14,2024-08-21,no,37
1847,121,14,2024-08-15,yes,37
1848,135,14,2024-09-14,yes,37
1849,140,14,2024-08-31,yes,37
1850,150,14,2024-09-20,yes,37
1851,170,14,2024-09-11,yes,37
1852,186,14,2024-08-20,no,37
1853,188,14,2024-09-11,no,37
1854,257,14,2024-08-21,yes,37
1855,283,14,2024-09-02,yes,37
1856,305,14,2024-08-21,yes,37
1857,346,14,2024-08-22,yes,37
1858,348,14,2024-08-27,yes,37
1859,387,14,2024-08-15,yes,37
1860,500,14,2024-08-20,yes,37
1861,39,14,2024-08-20,yes,37
1862,41,14,2024-09-12,yes,37
1863,197,14,2024-09-01,yes,37
1864,225,14,2024-09-23,yes,37
1865,388,14,2024-09-10,yes,37
1866,413,14,2024-09-11,no,37
1867,449,14,2024-08-25,yes,37
1868,477,14,2024-09-07,yes,37
1869,498,14,2024-09-12,yes,37
1870,9,14,2024-09-16,yes,37
1871,462,14,2024-08-17,yes,37
1872,18,14,2024-09-08,yes,37
1873,115,14,2024-08-16,yes,37
1874,207,14,2024-09-15,yes,37
1875,279,14,2024-08-18,yes,37
1876,424,14,2024-09-07,no,37
1877,30,14,2024-09-01,yes,37
1878,85,14,2024-09-07,yes,37
1879,127,14,2024-08-21,no,37
1880,74,14,2024-08-13,yes,37
1881,153,14,2024-09-04,yes,37
1882,25,14,2024-08-27,yes,37
1883,57,14,2024-08-25,yes,37
1884,228,14,2024-09-10,no,37
1885,34,14,2024-08-22,yes,37
1886,75,14,2024-09-12,yes,37
1887,319,14,2024-09-24,yes,37
1888,383,14,2024-09-03,yes,37
1889,161,14,2024-09-11,no,37
1890,155,14,2024-09-03,yes,37
1891,36,14,2024-08-31,yes,37
1892,312,14,2024-08-21,yes,37
1893,129,14,2024-08-11,yes,37
1894,429,14,2024-09-10,no,37
1895,181,14,2024-09-05,yes,37
1896,80,14,2024-09-24,yes,37
1897,311,14,2024-09-12,yes,37
1898,357,14,2024-09-18,yes,37
1899,63,14,2024-09-20,no,37
1900,258,14,2024-08-24,yes,37
1901,252,14,2024-08-31,yes,37
1902,19,14,2024-08-22,yes,37
1903,107,14,2024-08-23,yes,37
1904,132,14,2024-08-18,no,37
1905,447,14,2024-09-08,yes,37
1906,56,14,2024-08-14,yes,37
1907,40,14,2024-09-06,no,37
1908,21,14,2024-09-19,no,37
1909,14,14,2024-09-20,yes,37
1910,474,14,2024-09-23,no,37
1911,265,14,2024-09-16,no,37
1912,237,14,2024-08-20,yes,37
1913,58,14,2024-09-12,no,37
1914,194,14,2024-08-26,yes,37
1915,46,14,2024-09-01,yes,37
1916,70,14,2024-08-17,yes,37
1917,221,14,2024-08-25,yes,37
1918,268,14,2024-09-14,yes,37
1919,297,14,2024-08-18,yes,37
1920,390,14,2024-09-06,yes,37
1921,385,14,2024-08-17,yes,37
1922,440,14,2024-09-19,yes,37
1923,448,14,2024-08-31,no,37
1924,347,14,2024-08-22,yes,37
1925,315,14,2024-08-21,yes,37
1926,261,14,2024-09-06,yes,37
1927,148,14,2024-09-20,yes,37
1928,174,14,2024-09-06,yes,37
1929,163,14,2024-09-08,no,37
1930,303,14,2024-08-23,no,37
1931,436,14,2024-09-03,yes,37
1932,370,14,2024-08-21,yes,37
1933,250,14,2024-08-12,yes,37
1934,29,14,2024-08-31,yes,37
1935,397,14,2024-09-01,yes,37
1936,173,14,2024-08-26,no,37
1937,215,14,2024-08-13,no,37
1938,125,14,2024-08-31,yes,37
1939,433,14,2024-09-15,no,37
1940,242,14,2024-08-15,no,37
1941,98,14,2024-08-20,no,37
1942,53,14,2024-08-20,yes,37
1943,300,14,2024-09-13,yes,37
1944,157,14,2024-08-16,yes,37
1945,15,14,2024-09-24,yes,37
1946,373,14,2024-09-11,yes,37
1947,240,14,2024-09-15,yes,37
1948,24,14,2024-09-04,no,37
1949,72,14,2024-09-18,yes,37
1950,487,14,2024-08-16,no,37
1951,211,14,2024-09-15,yes,37
1952,83,14,2024-08-29,yes,37
1953,11,14,2024-08-23,yes,37
1954,406,14,2024-09-24,yes,37
1955,278,14,2024-09-19,yes,37
1956,16,14,2024-09-09,no,37
1957,90,14,2024-08-23,no,37
1958,202,14,2024-09-06,yes,37
1959,113,14,2024-08-18,yes,37
1960,308,14,2024-08-23,yes,37
1961,191,14,2024-09-23,yes,37
1962,322,14,2024-08-21,no,37
1963,248,14,2024-08-12,yes,37
1964,407,14,2024-09-17,yes,37
1965,444,14,2024-08-21,no,37
1966,342,14,2024-08-20,yes,37
1967,45,15,2024-09-03,yes,158
1968,141,15,2024-09-08,no,158
1969,198,15,2024-09-07,yes,158
1970,219,15,2024-10-02,no,158
1971,280,15,2024-09-30,no,158
1972,326,15,2024-10-03,yes,158
1973,329,15,2024-10-01,yes,158
1974,330,15,2024-09-01,yes,158
1975,334,15,2024-08-27,yes,158
1976,350,15,2024-09-10,yes,158
1977,398,15,2024-10-06,yes,158
1978,420,15,2024-10-02,no,158
1979,452,15,2024-09-23,no,158
1980,453,15,2024-08-27,yes,158
1981,42,15,2024-10-01,no,158
1982,92,15,2024-10-03,yes,158
1983,117,15,2024-09-12,yes,158
1984,166,15,2024-09-12,no,158
1985,217,15,2024-09-08,yes,158
1986,245,15,2024-09-24,yes,158
1987,273,15,2024-09-15,yes,158
1988,278,15,2024-09-20,yes,158
1989,324,15,2024-08-23,no,158
1990,400,15,2024-08-28,yes,158
1991,448,15,2024-09-21,no,158
1992,12,15,2024-09-18,no,158
1993,58,15,2024-09-27,yes,158
1994,148,15,2024-09-09,yes,158
1995,167,15,2024-09-05,yes,158
1996,237,15,2024-08-26,yes,158
1997,450,15,2024-09-07,yes,158
1998,87,15,2024-08-31,no,158
1999,102,15,2024-08-25,yes,158
2000,242,15,2024-09-19,yes,158
2001,264,15,2024-09-28,no,158
2002,292,15,2024-08-29,yes,158
2003,321,15,2024-10-05,yes,158
2004,405,15,2024-08-24,yes,158
2005,406,15,2024-09-13,yes,158
2006,416,15,2024-09-28,yes,158
2007,468,15,2024-09-19,yes,158
2008,10,15,2024-09-03,yes,158
2009,91,15,2024-09-24,yes,158
2010,215,15,2024-09-14,yes,158
2011,244,15,2024-08-29,no,158
2012,294,15,2024-09-07,yes,158
2013,318,15,2024-08-23,yes,158
2014,375,15,2024-08-27,yes,158
2015,385,15,2024-09-24,yes,158
2016,397,15,2024-10-02,yes,158
2017,401,15,2024-09-15,yes,158
2018,415,15,2024-09-06,yes,158
2019,433,15,2024-09-02,yes,158
2020,440,15,2024-09-07,yes,158
2021,472,15,2024-09-28,no,158
2022,492,15,2024-10-06,no,158
2023,21,15,2024-09-02,yes,158
2024,28,15,2024-10-01,yes,158
2025,35,15,2024-09-14,yes,158
2026,54,15,2024-09-10,yes,158
2027,60,15,2024-09-07,yes,158
2028,120,15,2024-08-25,no,158
2029,126,15,2024-08-23,no,158
2030,151,15,2024-09-16,no,158
2031,176,15,2024-08-31,yes,158
2032,221,15,2024-10-01,yes,158
2033,272,15,2024-08-28,yes,158
2034,298,15,2024-08-30,yes,158
2035,328,15,2024-09-22,yes,158
2036,344,15,2024-09-22,yes,158
2037,387,15,2024-09-21,no,158
2038,403,15,2024-09-17,yes,158
2039,471,15,2024-09-07,yes,158
2040,2,15,2024-10-03,yes,158
2041,182,15,2024-08-29,yes,158
2042,388,15,2024-09-06,yes,158
2043,9,15,2024-10-06,no,158
2044,204,15,2024-09-07,yes,158
2045,352,15,2024-09-13,yes,158
2046,462,15,2024-09-21,yes,158
2047,18,15,2024-09-21,yes,158
2048,115,15,2024-09-23,yes,158
2049,207,15,2024-09-14,yes,158
2050,291,15,2024-09-12,yes,158
2051,444,15,2024-08-31,yes,158
2052,94,15,2024-08-25,yes,158
2053,183,15,2024-09-08,yes,158
2054,426,15,2024-09-28,yes,158
2055,83,15,2024-09-12,yes,158
2056,210,15,2024-08-29,yes,158
2057,108,15,2024-10-01,yes,158
2058,383,15,2024-09-17,yes,158
2059,162,15,2024-09-20,no,158
2060,174,15,2024-09-24,yes,158
2061,404,15,2024-09-18,no,158
2062,347,15,2024-09-15,no,158
2063,356,15,2024-10-04,no,158
2064,275,15,2024-09-19,yes,158
2065,317,15,2024-09-27,yes,158
2066,109,15,2024-08-24,no,158
2067,55,15,2024-09-27,yes,158
2068,6,15,2024-09-24,yes,158
2069,293,15,2024-09-11,yes,158
2070,288,15,2024-10-04,no,158
2071,193,15,2024-09-18,yes,158
2072,203,15,2024-09-25,no,158
2073,310,15,2024-08-23,yes,158
2074,45,16,2024-09-12,yes,0
2075,141,16,2024-09-02,yes,0
2076,198,16,2024-09-23,yes,0
2077,219,16,2024-09-06,no,0
2078,280,16,2024-09-01,yes,0
2079,329,16,2024-09-16,yes,0
2080,330,16,2024-09-26,no,0
2081,398,16,2024-09-11,no,0
2082,420,16,2024-09-08,yes,0
2083,452,16,2024-09-23,yes,0
2084,453,16,2024-10-05,yes,0
2085,42,16,2024-09-12,no,0
2086,92,16,2024-09-26,yes,0
2087,117,16,2024-10-08,yes,0
2088,136,16,2024-09-30,yes,0
2089,217,16,2024-09-13,yes,0
2090,245,16,2024-10-05,yes,0
2091,273,16,2024-08-30,yes,0
2092,278,16,2024-08-30,yes,0
2093,345,16,2024-10-01,yes,0
2094,400,16,2024-09-30,no,0
2095,404,16,2024-09-30,no,0
2096,448,16,2024-09-05,no,0
2097,12,16,2024-10-11,yes,0
2098,58,16,2024-10-06,yes,0
2099,89,16,2024-10-06,yes,0
2100,148,16,2024-09-04,yes,0
2101,201,16,2024-09-08,yes,0
2102,237,16,2024-09-27,no,0
2103,299,16,2024-09-17,no,0
2104,450,16,2024-09-17,no,0
2105,464,16,2024-09-03,yes,0
2106,15,16,2024-09-12,no,0
2107,87,16,2024-08-28,yes,0
2108,107,16,2024-10-07,yes,0
2109,226,16,2024-09-25,yes,0
2110,242,16,2024-09-20,no,0
2111,271,16,2024-09-11,no,0
2112,321,16,2024-08-31,no,0
2113,390,16,2024-09-26,yes,0
2114,416,16,2024-09-14,yes,0
2115,99,16,2024-09-01,yes,0
2116,183,16,2024-10-11,yes,0
2117,294,16,2024-09-21,yes,0
2118,316,16,2024-09-03,yes,0
2119,383,16,2024-10-11,yes,0
2120,415,16,2024-09-12,no,0
2121,419,16,2024-09-21,yes,0
2122,25,16,2024-09-27,yes,0
2123,26,16,2024-08-29,no,0
2124,37,16,2024-08-31,no,0
2125,47,16,2024-10-08,yes,0
2126,49,16,2024-08-30,yes,0
2127,71,16,2024-09-23,yes,0
2128,76,16,2024-09-16,yes,0
2129,79,16,2024-10-03,yes,0
2130,140,16,2024-09-27,yes,0
2131,150,16,2024-09-23,yes,0
2132,185,16,2024-09-24,yes,0
2133,188,16,2024-08-31,yes,0
2134,211,16,2024-10-05,no,0
2135,221,16,2024-09-24,yes,0
2136,252,16,2024-08-28,yes,0
2137,298,16,2024-10-10,yes,0
2138,320,16,2024-10-08,yes,0
2139,391,16,2024-08-29,yes,0
2140,396,16,2024-09-29,yes,0
2141,423,16,2024-09-02,yes,0
2142,439,16,2024-10-03,yes,0
2143,447,16,2024-09-08,yes,0
2144,43,16,2024-10-10,yes,0
2145,181,16,2024-09-11,no,0
2146,182,16,2024-09-04,no,0
2147,277,16,2024-09-05,yes,0
2148,351,16,2024-10-05,yes,0
2149,354,16,2024-09-08,yes,0
2150,449,16,2024-10-03,no,0
2151,38,16,2024-09-25,yes,0
2152,261,16,2024-09-29,yes,0
2153,352,16,2024-09-04,yes,0
2154,462,16,2024-10-04,yes,0
2155,115,16,2024-09-09,no,0
2156,279,16,2024-10-05,yes,0
2157,291,16,2024-09-11,yes,0
2158,361,16,2024-09-15,yes,0
2159,444,16,2024-09-22,yes,0
2160,45,17,2024-11-04,yes,79
2161,326,17,2024-11-06,no,79
2162,329,17,2024-10-28,no,79
2163,330,17,2024-10-08,yes,79
2164,334,17,2024-10-21,yes,79
2165,350,17,2024-10-05,no,79
2166,398,17,2024-10-16,yes,79
2167,452,17,2024-10-26,yes,79
2168,453,17,2024-10-28,yes,79
2169,42,17,2024-11-07,yes,79
2170,92,17,2024-10-09,yes,79
2171,136,17,2024-09-27,yes,79
2172,166,17,2024-09-28,yes,79
2173,245,17,2024-11-04,yes,79
2174,273,17,2024-10-22,yes,79
2175,278,17,2024-09-25,yes,79
2176,345,17,2024-11-03,yes,79
2177,448,17,2024-11-08,yes,79
2178,99,17,2024-10-25,yes,79
2179,129,17,2024-10-11,no,79
2180,238,17,2024-10-10,yes,79
2181,244,17,2024-10-04,yes,79
2182,262,17,2024-10-06,no,79
2183,265,17,2024-11-08,yes,79
2184,294,17,2024-10-14,yes,79
2185,296,17,2024-10-11,no,79
2186,316,17,2024-11-01,yes,79
2187,368,17,2024-10-05,yes,79
2188,375,17,2024-10-26,yes,79
2189,401,17,2024-10-11,yes,79
2190,402,17,2024-10-06,yes,79
2191,419,17,2024-10-08,yes,79
2192,446,17,2024-10-17,yes,79
2193,456,17,2024-10-06,yes,79
2194,457,17,2024-09-27,yes,79
2195,3,17,2024-10-25,yes,79
2196,6,17,2024-10-22,yes,79
2197,16,17,2024-09-28,no,79
2198,26,17,2024-10-27,yes,79
2199,33,17,2024-10-30,yes,79
2200,76,17,2024-09-28,no,79
2201,82,17,2024-10-12,no,79
2202,126,17,2024-10-17,yes,79
2203,186,17,2024-10-18,yes,79
2204,220,17,2024-10-27,yes,79
2205,251,17,2024-10-15,yes,79
2206,307,17,2024-10-11,yes,79
2207,328,17,2024-10-28,yes,79
2208,335,17,2024-10-22,yes,79
2209,382,17,2024-10-24,yes,79
2210,421,17,2024-10-14,yes,79
2211,427,17,2024-10-13,yes,79
2212,443,17,2024-10-27,no,79
2213,327,17,2024-11-03,yes,79
2214,388,17,2024-10-18,no,79
2215,413,17,2024-10-20,yes,79
2216,449,17,2024-10-19,yes,79
2217,463,17,2024-10-24,yes,79
2218,477,17,2024-10-25,yes,79
2219,204,17,2024-10-03,yes,79
2220,341,17,2024-10-13,yes,79
2221,462,17,2024-09-30,yes,79
2222,361,17,2024-10-20,yes,79
2223,424,17,2024-10-06,yes,79
2224,444,17,2024-09-26,yes,79
2225,202,17,2024-09-29,yes,79
2226,32,17,2024-11-02,yes,79
2227,353,17,2024-09-26,yes,79
2228,196,17,2024-11-02,yes,79
2229,13,17,2024-10-12,yes,79
2230,317,17,2024-09-29,yes,79
2231,36,17,2024-11-07,yes,79
2232,315,17,2024-11-08,yes,79
2233,138,17,2024-11-04,yes,79
2234,264,17,2024-09-30,yes,79
2235,232,17,2024-10-11,yes,79
2236,131,17,2024-10-25,yes,79
2237,214,17,2024-10-20,yes,79
2238,370,17,2024-10-30,yes,79
2239,487,17,2024-10-19,yes,79
2240,344,17,2024-10-30,yes,79
2241,303,17,2024-10-03,yes,79
2242,357,17,2024-10-06,yes,79
2243,79,17,2024-10-19,yes,79
2244,41,17,2024-10-26,yes,79
2245,367,17,2024-09-26,no,79
2246,320,17,2024-10-21,yes,79
2247,498,17,2024-09-25,yes,79
2248,58,17,2024-09-27,yes,79
2249,49,17,2024-10-24,yes,79
2250,256,17,2024-10-09,yes,79
2251,43,17,2024-10-31,yes,79
2252,12,17,2024-10-19,yes,79
2253,222,17,2024-11-01,no,79
2254,407,17,2024-10-08,yes,79
2255,392,17,2024-10-28,no,79
2256,215,17,2024-09-28,yes,79
2257,40,17,2024-10-26,yes,79
2258,414,17,2024-10-29,no,79
2259,252,17,2024-10-19,no,79
2260,52,17,2024-10-25,yes,79
2261,436,17,2024-10-25,yes,79
2262,295,17,2024-10-11,no,79
2263,147,17,2024-11-04,yes,79
2264,191,17,2024-10-26,yes,79
2265,165,17,2024-10-08,no,79
2266,194,17,2024-10-09,no,79
2267,433,17,2024-09-28,no,79
2268,351,17,2024-10-25,yes,79
2269,281,17,2024-10-25,yes,79
2270,161,17,2024-10-28,no,79
2271,469,17,2024-10-15,no,79
2272,171,17,2024-10-06,yes,79
2273,308,17,2024-09-27,no,79
2274,144,17,2024-10-08,yes,79
2275,336,17,2024-11-05,yes,79
2276,322,17,2024-11-05,yes,79
2277,333,17,2024-11-02,yes,79
2278,45,18,2024-02-20,yes,0
2279,141,18,2024-01-26,no,0
2280,198,18,2024-01-27,yes,0
2281,219,18,2024-02-10,no,0
2282,280,18,2024-02-04,no,0
2283,326,18,2024-02-04,yes,0
2284,329,18,2024-02-29,yes,0
2285,330,18,2024-03-03,yes,0
2286,334,18,2024-02-22,yes,0
2287,350,18,2024-02-03,yes,0
2288,398,18,2024-02-07,yes,0
2289,452,18,2024-03-02,yes,0
2290,453,18,2024-02-24,no,0
2291,42,18,2024-02-01,yes,0
2292,92,18,2024-02-27,yes,0
2293,136,18,2024-02-21,yes,0
2294,166,18,2024-02-09,yes,0
2295,217,18,2024-02-26,yes,0
2296,273,18,2024-02-28,yes,0
2297,345,18,2024-01-31,yes,0
2298,400,18,2024-02-24,yes,0
2299,404,18,2024-02-09,yes,0
2300,448,18,2024-02-15,yes,0
2301,7,18,2024-02-08,yes,0
2302,10,18,2024-02-08,yes,0
2303,22,18,2024-01-29,yes,0
2304,78,18,2024-02-08,yes,0
2305,91,18,2024-03-06,yes,0
2306,99,18,2024-02-19,yes,0
2307,238,18,2024-02-28,yes,0
2308,385,18,2024-02-09,no,0
2309,401,18,2024-02-02,no,0
2310,402,18,2024-02-05,yes,0
2311,425,18,2024-02-08,yes,0
2312,473,18,2024-02-09,yes,0
2313,491,18,2024-02-02,yes,0
2314,493,18,2024-02-13,yes,0
2315,16,18,2024-01-24,yes,0
2316,26,18,2024-02-13,yes,0
2317,35,18,2024-03-01,yes,0
2318,49,18,2024-01-22,yes,0
2319,77,18,2024-03-06,yes,0
2320,126,18,2024-02-06,yes,0
2321,150,18,2024-02-12,yes,0
2322,176,18,2024-02-20,yes,0
2323,308,18,2024-02-02,yes,0
2324,344,18,2024-02-24,yes,0
2325,387,18,2024-02-28,yes,0
2326,422,18,2024-02-20,yes,0
2327,439,18,2024-02-04,yes,0
2328,487,18,2024-02-28,yes,0
2329,494,18,2024-02-26,yes,0
2330,43,18,2024-02-06,yes,0
2331,181,18,2024-02-13,no,0
2332,197,18,2024-02-13,yes,0
2333,327,18,2024-02-29,yes,0
2334,432,18,2024-01-23,yes,0
2335,9,18,2024-02-28,no,0
2336,38,18,2024-01-30,yes,0
2337,204,18,2024-01-25,yes,0
2338,352,18,2024-01-25,yes,0
2339,462,18,2024-01-23,yes,0
2340,56,18,2024-02-21,yes,0
2341,279,18,2024-01-29,yes,0
2342,291,18,2024-02-05,yes,0
2343,424,18,2024-02-19,yes,0
2344,42,19,2024-01-04,yes,0
2345,136,19,2024-01-14,yes,0
2346,166,19,2024-02-05,yes,0
2347,278,19,2024-01-27,yes,0
2348,345,19,2024-01-31,yes,0
2349,400,19,2024-01-13,yes,0
2350,404,19,2024-01-28,yes,0
2351,448,19,2024-01-24,no,0
2352,7,19,2023-12-29,no,0
2353,72,19,2024-02-05,no,0
2354,125,19,2024-02-09,yes,0
2355,128,19,2024-01-08,yes,0
2356,173,19,2024-01-23,yes,0
2357,238,19,2024-01-01,no,0
2358,296,19,2024-02-01,yes,0
2359,318,19,2024-01-03,yes,0
2360,373,19,2024-01-10,yes,0
2361,397,19,2024-01-06,yes,0
2362,401,19,2024-01-25,yes,0
2363,415,19,2024-01-29,yes,0
2364,419,19,2024-02-09,yes,0
2365,425,19,2024-02-10,no,0
2366,440,19,2024-02-06,yes,0
2367,472,19,2024-01-13,yes,0
2368,481,19,2024-01-28,yes,0
2369,4,19,2024-01-11,yes,0
2370,26,19,2024-01-28,yes,0
2371,33,19,2024-01-24,no,0
2372,35,19,2024-01-11,yes,0
2373,37,19,2024-01-17,yes,0
2374,66,19,2024-01-15,no,0
2375,151,19,2024-01-17,yes,0
2376,157,19,2024-02-09,no,0
2377,185,19,2024-01-19,yes,0
2378,194,19,2024-02-07,yes,0
2379,240,19,2024-01-02,yes,0
2380,251,19,2024-01-22,yes,0
2381,257,19,2024-01-06,yes,0
2382,259,19,2024-01-28,yes,0
2383,283,19,2024-02-08,no,0
2384,286,19,2024-02-04,yes,0
2385,342,19,2024-01-26,yes,0
2386,348,19,2024-01-29,yes,0
2387,422,19,2024-02-05,no,0
2388,423,19,2024-02-02,yes,0
2389,447,19,2024-01-07,no,0
2390,222,19,2024-01-10,no,0
2391,225,19,2024-01-02,no,0
2392,413,19,2024-01-30,yes,0
2393,463,19,2024-01-05,yes,0
2394,477,19,2024-02-04,yes,0
2395,498,19,2024-02-04,yes,0
2396,29,19,2024-01-24,no,0
2397,462,19,2023-12-30,yes,0
2398,279,19,2024-01-09,yes,0
2399,291,19,2024-01-15,yes,0
2400,361,19,2024-01-30,yes,0
2401,45,20,2024-02-12,yes,0
2402,198,20,2024-01-28,yes,0
2403,219,20,2024-01-18,no,0
2404,280,20,2024-02-05,yes,0
2405,326,20,2024-01-21,yes,0
2406,329,20,2024-01-16,no,0
2407,330,20,2024-02-03,yes,0
2408,334,20,2024-02-07,yes,0
2409,350,20,2024-01-23,no,0
2410,398,20,2024-02-07,yes,0
2411,420,20,2024-02-18,yes,0
2412,452,20,2024-01-19,no,0
2413,453,20,2024-02-07,yes,0
2414,42,20,2024-02-13,yes,0
2415,92,20,2024-02-04,yes,0
2416,136,20,2024-01-24,yes,0
2417,166,20,2024-02-08,yes,0
2418,217,20,2024-01-09,yes,0
2419,245,20,2024-01-27,yes,0
2420,273,20,2024-02-08,yes,0
2421,45,21,2024-11-04,yes,0
2422,141,21,2024-11-20,yes,0
2423,198,21,2024-11-18,yes,0
2424,219,21,2024-12-08,yes,0
2425,280,21,2024-11-07,yes,0
2426,326,21,2024-12-13,yes,0
2427,329,21,2024-11-21,yes,0
2428,330,21,2024-11-27,yes,0
2429,420,21,2024-11-20,no,0
2430,452,21,2024-12-04,no,0
2431,453,21,2024-11-16,yes,0
2432,117,21,2024-11-29,no,0
2433,136,21,2024-12-03,yes,0
2434,166,21,2024-11-06,yes,0
2435,217,21,2024-11-24,yes,0
2436,278,21,2024-11-18,yes,0
2437,324,21,2024-11-06,yes,0
2438,400,21,2024-12-06,yes,0
2439,404,21,2024-11-06,yes,0
2440,1,21,2024-11-28,no,0
2441,22,21,2024-11-15,yes,0
2442,91,21,2024-12-06,yes,0
2443,238,21,2024-11-24,yes,0
2444,244,21,2024-10-30,no,0
2445,331,21,2024-11-06,yes,0
2446,368,21,2024-11-28,yes,0
2447,375,21,2024-11-08,yes,0
2448,378,21,2024-11-05,yes,0
2449,401,21,2024-11-30,no,0
2450,425,21,2024-11-13,yes,0
2451,456,21,2024-11-03,yes,0
2452,481,21,2024-12-02,no,0
2453,491,21,2024-11-25,yes,0
2454,493,21,2024-11-10,yes,0
2455,21,21,2024-11-23,yes,0
2456,28,21,2024-11-02,yes,0
2457,33,21,2024-12-10,yes,0
2458,54,21,2024-10-30,no,0
2459,68,21,2024-11-25,yes,0
2460,95,21,2024-12-11,no,0
2461,143,21,2024-11-29,no,0
2462,150,21,2024-11-02,yes,0
2463,185,21,2024-11-26,yes,0
2464,220,21,2024-12-02,yes,0
2465,250,21,2024-11-02,yes,0
2466,257,21,2024-11-22,no,0
2467,288,21,2024-12-09,no,0
2468,293,21,2024-11-16,yes,0
2469,305,21,2024-12-03,yes,0
2470,320,21,2024-12-10,yes,0
2471,357,21,2024-11-29,yes,0
2472,403,21,2024-11-28,no,0
2473,422,21,2024-11-25,yes,0
2474,426,21,2024-10-31,yes,0
2475,300,21,2024-11-10,yes,0
2476,40,21,2024-11-15,no,0
2477,462,21,2024-10-30,yes,0
2478,18,21,2024-10-31,yes,0
2479,56,21,2024-11-15,yes,0
2480,115,21,2024-12-13,yes,0
2481,207,21,2024-11-01,yes,0
2482,290,21,2024-12-09,yes,0
2483,112,21,2024-12-04,yes,0
2484,45,22,2025-04-08,no,385
2485,141,22,2025-03-11,yes,385
2486,198,22,2025-03-05,yes,385
2487,280,22,2025-03-27,yes,385
2488,326,22,2025-03-02,no,385
2489,329,22,2025-03-24,yes,385
2490,330,22,2025-03-26,yes,385
2491,334,22,2025-03-04,yes,385
2492,350,22,2025-04-06,yes,385
2493,398,22,2025-04-04,yes,385
2494,452,22,2025-04-07,yes,385
2495,453,22,2025-04-06,yes,385
2496,42,22,2025-03-11,yes,385
2497,117,22,2025-03-24,yes,385
2498,136,22,2025-04-09,yes,385
2499,166,22,2025-03-14,yes,385
2500,217,22,2025-02-27,yes,385
2501,245,22,2025-03-25,yes,385
2502,273,22,2025-02-28,no,385
2503,278,22,2025-03-13,no,385
2504,400,22,2025-03-03,no,385
2505,404,22,2025-03-25,yes,385
2506,58,22,2025-03-02,yes,385
2507,89,22,2025-02-28,yes,385
2508,167,22,2025-03-26,yes,385
2509,237,22,2025-04-12,yes,385
2510,299,22,2025-03-13,yes,385
2511,450,22,2025-03-31,yes,385
2512,464,22,2025-04-11,no,385
2513,15,22,2025-04-07,no,385
2514,210,22,2025-03-15,no,385
2515,226,22,2025-04-02,no,385
2516,271,22,2025-03-01,yes,385
2517,321,22,2025-04-03,yes,385
2518,406,22,2025-03-09,yes,385
2519,416,22,2025-03-05,yes,385
2520,468,22,2025-04-03,no,385
2521,1,22,2025-03-05,no,385
2522,91,22,2025-03-14,no,385
2523,113,22,2025-03-20,yes,385
2524,125,22,2025-04-12,yes,385
2525,173,22,2025-04-09,yes,385
2526,193,22,2025-03-16,yes,385
2527,215,22,2025-03-13,yes,385
2528,294,22,2025-03-31,no,385
2529,359,22,2025-04-01,yes,385
2530,375,22,2025-02-27,yes,385
2531,415,22,2025-03-27,yes,385
2532,419,22,2025-02-28,no,385
2533,425,22,2025-03-03,yes,385
2534,446,22,2025-03-26,yes,385
2535,472,22,2025-04-01,yes,385
2536,121,22,2025-03-08,yes,385
2537,150,22,2025-02-27,yes,385
2538,151,22,2025-02-27,no,385
2539,180,22,2025-03-26,yes,385
2540,188,22,2025-04-06,no,385
2541,196,22,2025-03-07,yes,385
2542,233,22,2025-04-05,yes,385
2543,250,22,2025-03-18,yes,385
2544,257,22,2025-03-05,yes,385
2545,272,22,2025-03-03,yes,385
2546,275,22,2025-03-09,yes,385
2547,276,22,2025-03-01,yes,385
2548,283,22,2025-04-09,yes,385
2549,328,22,2025-03-27,yes,385
2550,365,22,2025-03-13,no,385
2551,393,22,2025-02-28,yes,385
2552,500,22,2025-03-23,yes,385
2553,43,22,2025-04-05,yes,385
2554,104,22,2025-03-11,yes,385
2555,225,22,2025-03-10,yes,385
2556,277,22,2025-03-04,yes,385
2557,327,22,2025-03-09,yes,385
2558,449,22,2025-03-06,yes,385
2559,204,22,2025-03-01,yes,385
2560,341,22,2025-03-07,yes,385
2561,462,22,2025-04-01,yes,385
2562,56,22,2025-04-03,no,385
2563,291,22,2025-02-27,no,385
2564,411,22,2025-03-24,yes,385
2565,346,22,2025-03-28,no,385
2566,435,22,2025-03-05,yes,385
2567,451,22,2025-03-15,yes,385
2568,74,22,2025-02-28,yes,385
2569,261,22,2025-04-10,no,385
2570,482,22,2025-04-09,no,385
2571,318,22,2025-04-12,yes,385
2572,373,22,2025-04-07,yes,385
2573,252,22,2025-03-19,yes,385
2574,13,22,2025-02-28,yes,385
2575,53,22,2025-04-04,no,385
2576,473,22,2025-03-22,yes,385
2577,370,22,2025-03-14,yes,385
2578,111,22,2025-03-20,yes,385
2579,292,22,2025-04-11,yes,385
2580,298,22,2025-03-17,yes,385
2581,171,22,2025-04-08,no,385
2582,12,22,2025-03-23,no,385
2583,279,22,2025-03-09,yes,385
2584,391,22,2025-03-31,yes,385
2585,356,22,2025-03-26,yes,385
2586,17,22,2025-04-10,no,385
2587,51,22,2025-03-13,yes,385
2588,333,22,2025-03-23,no,385
2589,174,22,2025-04-06,no,385
2590,170,22,2025-03-15,yes,385
2591,10,22,2025-03-28,yes,385
2592,63,22,2025-04-02,yes,385
2593,185,22,2025-03-11,no,385
2594,246,22,2025-03-27,no,385
2595,405,22,2025-03-03,no,385
2596,471,22,2025-03-13,yes,385
2597,77,22,2025-03-06,yes,385
2598,101,22,2025-03-17,no,385
2599,94,22,2025-03-25,no,385
2600,476,22,2025-03-23,yes,385
2601,134,22,2025-03-24,no,385
2602,376,22,2025-04-09,yes,385
2603,200,22,2025-03-29,yes,385
2604,366,22,2025-03-13,yes,385
2605,316,22,2025-04-09,yes,385
2606,220,22,2025-03-22,no,385
2607,164,22,2025-03-03,yes,385
2608,443,22,2025-03-22,yes,385
2609,181,22,2025-02-28,yes,385
2610,71,22,2025-04-01,yes,385
2611,46,22,2025-03-25,no,385
2612,132,22,2025-03-15,yes,385
2613,339,22,2025-03-31,yes,385
2614,297,22,2025-03-18,yes,385
2615,487,22,2025-04-09,yes,385
2616,153,22,2025-03-27,yes,385
2617,458,22,2025-03-04,no,385
2618,320,22,2025-04-11,yes,385
2619,152,22,2025-03-12,yes,385
2620,248,22,2025-03-08,yes,385
2621,24,22,2025-03-06,yes,385
2622,345,22,2025-03-26,yes,385
2623,242,22,2025-03-16,yes,385
2624,308,22,2025-03-13,yes,385
2625,324,22,2025-03-10,yes,385
2626,203,22,2025-03-30,no,385
2627,394,22,2025-03-03,yes,385
2628,493,22,2025-03-25,yes,385
2629,397,22,2025-02-27,yes,385
2630,253,22,2025-04-11,yes,385
2631,9,22,2025-04-06,yes,385
2632,457,22,2025-03-02,yes,385
2633,41,22,2025-04-11,yes,385
2634,240,22,2025-03-19,yes,385
2635,90,22,2025-03-31,yes,385
2636,78,22,2025-03-23,yes,385
2637,495,22,2025-03-18,no,385
2638,281,22,2025-03-21,yes,385
2639,49,22,2025-03-11,no,385
2640,168,22,2025-04-01,yes,385
2641,317,22,2025-04-09,yes,385
2642,342,22,2025-03-24,yes,385
2643,496,22,2025-03-31,yes,385
2644,61,22,2025-03-27,yes,385
2645,337,22,2025-04-10,yes,385
2646,478,22,2025-03-05,yes,385
2647,267,22,2025-04-01,no,385
2648,33,22,2025-04-10,yes,385
2649,34,22,2025-03-02,yes,385
2650,69,22,2025-03-07,yes,385
2651,322,22,2025-04-05,no,385
2652,76,22,2025-04-07,yes,385
2653,83,22,2025-03-23,yes,385
2654,494,22,2025-04-06,no,385
2655,11,22,2025-03-07,yes,385
2656,70,22,2025-03-22,yes,385
2657,178,22,2025-02-28,yes,385
2658,66,22,2025-04-05,yes,385
2659,38,22,2025-03-06,yes,385
2660,347,22,2025-03-10,no,385
2661,440,22,2025-03-07,no,385
2662,313,22,2025-03-21,yes,385
2663,216,22,2025-03-22,yes,385
2664,6,22,2025-03-22,yes,385
2665,142,22,2025-03-08,yes,385
2666,379,22,2025-04-06,no,385
2667,377,22,2025-03-29,no,385
2668,144,22,2025-03-24,yes,385
2669,486,22,2025-02-28,no,385
2670,492,22,2025-03-16,yes,385
2671,407,22,2025-03-16,yes,385
2672,20,22,2025-03-31,no,385
2673,429,22,2025-03-26,yes,385
2674,126,22,2025-03-26,yes,385
2675,282,22,2025-03-24,no,385
2676,223,22,2025-03-19,yes,385
2677,497,22,2025-03-30,yes,385
2678,197,22,2025-03-28,no,385
2679,310,22,2025-04-04,no,385
2680,54,22,2025-04-06,yes,385
2681,5,22,2025-03-18,yes,385
2682,388,22,2025-03-19,yes,385
2683,128,22,2025-02-28,no,385
2684,436,22,2025-04-07,yes,385
2685,60,22,2025-03-09,yes,385
2686,296,22,2025-04-01,yes,385
2687,303,22,2025-04-10,yes,385
2688,222,22,2025-04-07,yes,385
2689,169,22,2025-03-10,yes,385
2690,262,22,2025-03-02,yes,385
2691,315,22,2025-03-15,yes,385
2692,143,22,2025-04-06,yes,385
2693,109,22,2025-04-12,yes,385
2694,205,22,2025-03-07,no,385
2695,25,22,2025-03-26,yes,385
2696,214,22,2025-04-07,no,385
2697,87,22,2025-02-28,yes,385
2698,129,22,2025-04-07,yes,385
2699,355,22,2025-04-07,yes,385
2700,115,22,2025-02-28,yes,385
2701,477,22,2025-04-09,no,385
2702,463,22,2025-03-04,yes,385
2703,148,22,2025-04-02,yes,385
2704,378,22,2025-03-05,yes,385
2705,186,22,2025-03-14,yes,385
2706,304,22,2025-03-28,yes,385
2707,194,22,2025-03-24,no,385
2708,221,22,2025-03-28,yes,385
2709,165,22,2025-03-12,yes,385
2710,114,22,2025-03-13,yes,385
2711,23,22,2025-04-05,no,385
2712,263,22,2025-04-09,yes,385
2713,157,22,2025-04-09,no,385
2714,483,22,2025-03-31,yes,385
2715,293,22,2025-04-01,yes,385
2716,269,22,2025-03-30,yes,385
2717,295,22,2025-04-05,yes,385
2718,344,22,2025-03-08,no,385
2719,312,22,2025-03-31,yes,385
2720,207,22,2025-03-24,yes,385
2721,499,22,2025-04-06,yes,385
2722,3,22,2025-03-23,yes,385
2723,55,22,2025-04-07,no,385
2724,469,22,2025-03-03,yes,385
2725,102,22,2025-04-10,yes,385
2726,107,22,2025-03-17,yes,385
2727,268,22,2025-03-01,yes,385
2728,92,22,2025-03-25,yes,385
2729,211,22,2025-03-03,yes,385
2730,382,22,2025-04-04,yes,385
2731,361,22,2025-04-07,yes,385
2732,172,22,2025-03-06,yes,385
2733,7,22,2025-04-10,yes,385
2734,432,22,2025-03-28,yes,385
2735,85,22,2025-03-05,yes,385
2736,481,22,2025-04-09,yes,385
2737,232,22,2025-03-30,yes,385
2738,434,22,2025-03-04,no,385
2739,287,22,2025-03-09,yes,385
2740,2,22,2025-03-04,yes,385
2741,433,22,2025-04-01,yes,385
2742,106,22,2025-04-09,yes,385
2743,137,22,2025-03-13,yes,385
2744,421,22,2025-03-09,yes,385
2745,448,22,2025-03-20,yes,385
2746,37,22,2025-04-10,no,385
2747,120,22,2025-04-05,yes,385
2748,64,22,2025-03-16,no,385
2749,130,22,2025-04-12,yes,385
2750,410,22,2025-04-12,yes,385
2751,243,22,2025-03-16,yes,385
2752,119,22,2025-04-12,yes,385
2753,72,22,2025-02-28,yes,385
2754,140,22,2025-03-15,yes,385
2755,45,23,2025-05-27,yes,0
2756,141,23,2025-05-15,yes,0
2757,198,23,2025-06-17,yes,0
2758,219,23,2025-05-12,yes,0
2759,280,23,2025-06-19,yes,0
2760,326,23,2025-06-13,yes,0
2761,329,23,2025-05-25,no,0
2762,330,23,2025-06-07,yes,0
2763,334,23,2025-06-12,yes,0
2764,350,23,2025-05-20,no,0
2765,398,23,2025-05-14,yes,0
2766,420,23,2025-06-04,yes,0
2767,452,23,2025-05-11,yes,0
2768,453,23,2025-05-26,yes,0
2769,42,23,2025-05-31,no,0
2770,136,23,2025-05-15,yes,0
2771,166,23,2025-05-18,yes,0
2772,245,23,2025-06-01,yes,0
2773,273,23,2025-05-27,no,0
2774,278,23,2025-05-08,yes,0
2775,324,23,2025-05-11,yes,0
2776,400,23,2025-05-29,yes,0
2777,404,23,2025-06-03,yes,0
2778,10,23,2025-05-11,yes,0
2779,22,23,2025-06-11,yes,0
2780,31,23,2025-06-07,yes,0
2781,129,23,2025-06-11,yes,0
2782,173,23,2025-05-27,no,0
2783,215,23,2025-05-25,yes,0
2784,238,23,2025-05-08,yes,0
2785,243,23,2025-05-09,yes,0
2786,368,23,2025-06-09,yes,0
2787,379,23,2025-05-11,yes,0
2788,383,23,2025-06-18,yes,0
2789,397,23,2025-05-26,yes,0
2790,402,23,2025-06-07,yes,0
2791,434,23,2025-05-15,yes,0
2792,472,23,2025-06-20,no,0
2793,481,23,2025-06-20,yes,0
2794,4,23,2025-06-18,yes,0
2795,13,23,2025-06-17,yes,0
2796,25,23,2025-06-13,yes,0
2797,60,23,2025-05-09,yes,0
2798,66,23,2025-05-22,yes,0
2799,68,23,2025-06-21,yes,0
2800,69,23,2025-06-17,yes,0
2801,121,23,2025-05-25,no,0
2802,157,23,2025-05-16,yes,0
2803,170,23,2025-06-04,yes,0
2804,259,23,2025-05-25,yes,0
2805,276,23,2025-05-27,yes,0
2806,328,23,2025-06-15,yes,0
2807,394,23,2025-05-25,yes,0
2808,403,23,2025-06-11,yes,0
2809,427,23,2025-05-13,yes,0
2810,436,23,2025-06-18,yes,0
2811,471,23,2025-05-19,no,0
2812,2,23,2025-05-09,yes,0
2813,39,23,2025-05-30,yes,0
2814,41,23,2025-06-12,yes,0
2815,98,23,2025-05-08,no,0
2816,104,23,2025-05-27,yes,0
2817,388,23,2025-06-18,yes,0
2818,449,23,2025-06-05,no,0
2819,497,23,2025-06-12,yes,0
2820,9,23,2025-06-20,yes,0
2821,261,23,2025-06-02,yes,0
2822,462,23,2025-05-26,yes,0
2823,18,23,2025-06-08,yes,0
2824,56,23,2025-06-03,no,0
2825,115,23,2025-06-17,yes,0
2826,207,23,2025-05-15,no,0
2827,291,23,2025-06-20,no,0
2828,361,23,2025-05-20,yes,0
2829,444,23,2025-05-23,yes,0
2830,262,23,2025-06-01,yes,0
2831,187,23,2025-06-04,no,0
2832,255,23,2025-06-09,yes,0
2833,89,23,2025-05-20,yes,0
2834,64,23,2025-05-08,yes,0
2835,220,23,2025-05-31,no,0
2836,292,23,2025-05-19,yes,0
2837,327,23,2025-06-02,yes,0
2838,468,23,2025-06-20,yes,0
2839,414,23,2025-06-06,yes,0
2840,163,23,2025-05-21,yes,0
2841,331,23,2025-06-11,no,0
2842,52,23,2025-06-17,yes,0
2843,57,23,2025-06-02,yes,0
2844,298,23,2025-06-04,yes,0
2845,342,23,2025-05-25,yes,0
2846,11,23,2025-05-13,no,0
2847,232,23,2025-05-09,yes,0
2848,109,23,2025-05-25,yes,0
2849,244,23,2025-06-01,yes,0
2850,467,23,2025-06-10,yes,0
2851,302,23,2025-06-04,no,0
2852,20,23,2025-05-11,yes,0
2853,77,23,2025-06-06,yes,0
2854,223,23,2025-05-19,yes,0
2855,150,23,2025-06-02,yes,0
2856,143,23,2025-05-17,yes,0
2857,320,23,2025-06-11,yes,0
2858,283,23,2025-06-10,no,0
2859,305,23,2025-06-07,yes,0
2860,224,23,2025-05-18,yes,0
2861,180,23,2025-05-31,no,0
2862,491,23,2025-06-21,yes,0
2863,23,23,2025-06-03,no,0
2864,415,23,2025-05-25,yes,0
2865,75,23,2025-05-20,no,0
2866,184,23,2025-05-11,no,0
2867,354,23,2025-05-31,yes,0
2868,203,23,2025-06-19,yes,0
2869,108,23,2025-05-18,yes,0
2870,190,23,2025-06-09,yes,0
2871,293,23,2025-06-16,yes,0
2872,264,23,2025-05-19,yes,0
2873,161,23,2025-05-12,yes,0
2874,357,23,2025-06-21,yes,0
2875,367,23,2025-05-17,yes,0
2876,133,23,2025-06-04,yes,0
2877,230,23,2025-06-10,yes,0
2878,345,23,2025-06-06,yes,0
2879,333,23,2025-05-31,yes,0
2880,71,23,2025-06-12,yes,0
2881,55,23,2025-05-18,yes,0
2882,486,23,2025-05-27,yes,0
2883,500,23,2025-06-04,yes,0
2884,178,23,2025-06-03,no,0
2885,82,23,2025-06-12,yes,0
2886,256,23,2025-05-24,yes,0
2887,435,23,2025-06-09,yes,0
2888,80,23,2025-05-24,yes,0
2889,464,23,2025-06-21,yes,0
2890,363,23,2025-05-15,yes,0
2891,281,23,2025-06-15,yes,0
2892,377,23,2025-06-11,yes,0
2893,40,23,2025-06-05,yes,0
2894,376,23,2025-05-08,no,0
2895,222,23,2025-06-14,no,0
2896,356,23,2025-06-12,no,0
2897,119,23,2025-05-17,no,0
2898,359,23,2025-05-22,yes,0
2899,253,23,2025-06-09,yes,0
2900,101,23,2025-05-10,yes,0
2901,252,23,2025-06-17,yes,0
2902,396,23,2025-06-14,yes,0
2903,48,23,2025-06-16,yes,0
2904,84,23,2025-06-21,yes,0
2905,164,23,2025-06-13,yes,0
2906,237,23,2025-06-03,yes,0
2907,51,23,2025-06-14,yes,0
2908,106,23,2025-05-15,no,0
2909,228,23,2025-05-08,yes,0
2910,155,23,2025-05-19,yes,0
2911,289,23,2025-05-29,yes,0
2912,3,23,2025-05-29,yes,0
2913,102,23,2025-05-12,yes,0
2914,279,23,2025-06-11,yes,0
2915,336,23,2025-05-22,yes,0
2916,495,23,2025-06-13,yes,0
2917,214,23,2025-06-04,yes,0
2918,63,23,2025-05-15,yes,0
2919,401,23,2025-05-10,yes,0
2920,317,23,2025-05-12,yes,0
2921,391,23,2025-05-24,yes,0
2922,36,23,2025-06-03,yes,0
2923,158,23,2025-06-06,yes,0
2924,107,23,2025-06-13,yes,0
2925,217,23,2025-05-22,no,0
2926,295,23,2025-06-17,yes,0
2927,271,23,2025-05-10,no,0
2928,91,23,2025-06-13,yes,0
2929,406,23,2025-06-18,yes,0
2930,422,23,2025-06-15,yes,0
2931,191,23,2025-05-19,yes,0
2932,131,23,2025-05-18,no,0
2933,205,23,2025-06-15,yes,0
2934,90,23,2025-05-12,yes,0
2935,419,23,2025-06-05,yes,0
2936,423,23,2025-06-16,yes,0
2937,351,23,2025-05-25,yes,0
2938,188,23,2025-06-15,yes,0
2939,14,23,2025-06-17,yes,0
2940,200,23,2025-05-21,no,0
2941,26,23,2025-06-05,yes,0
2942,79,23,2025-05-10,yes,0
2943,413,23,2025-06-01,no,0
2944,85,23,2025-06-01,yes,0
2945,16,23,2025-05-14,yes,0
2946,304,23,2025-05-29,yes,0
2947,410,23,2025-05-31,no,0
2948,432,23,2025-05-23,no,0
2949,458,23,2025-06-16,no,0
2950,348,23,2025-05-23,yes,0
2951,179,23,2025-06-11,yes,0
2952,424,23,2025-05-26,yes,0
2953,135,23,2025-06-09,yes,0
2954,494,23,2025-05-12,yes,0
2955,296,23,2025-05-18,yes,0
2956,365,23,2025-06-13,yes,0
2957,267,23,2025-05-08,yes,0
2958,37,23,2025-06-21,yes,0
2959,299,23,2025-06-20,yes,0
2960,332,23,2025-05-15,yes,0
2961,74,23,2025-05-30,yes,0
2962,148,23,2025-06-15,yes,0
2963,46,23,2025-06-07,yes,0
2964,194,23,2025-06-15,yes,0
2965,340,23,2025-05-10,yes,0
2966,258,23,2025-06-20,yes,0
2967,382,23,2025-05-18,yes,0
2968,447,23,2025-06-11,yes,0
2969,120,23,2025-05-18,yes,0
2970,300,23,2025-05-10,yes,0
2971,392,23,2025-05-26,yes,0
2972,446,23,2025-05-23,yes,0
2973,248,23,2025-05-24,yes,0
2974,297,23,2025-05-26,no,0
2975,147,23,2025-05-15,yes,0
2976,318,23,2025-06-16,yes,0
2977,44,23,2025-05-23,yes,0
2978,49,23,2025-06-08,no,0
2979,426,23,2025-06-07,yes,0
2980,268,23,2025-06-20,yes,0
2981,35,23,2025-05-18,no,0
2982,353,23,2025-05-26,no,0
2983,303,23,2025-05-15,yes,0
2984,339,23,2025-05-13,yes,0
2985,167,23,2025-05-18,yes,0
2986,92,23,2025-06-07,yes,0
2987,197,23,2025-05-15,no,0
2988,469,23,2025-05-25,no,0
2989,257,23,2025-05-31,no,0
2990,384,23,2025-06-06,no,0
2991,70,23,2025-05-22,yes,0
2992,308,23,2025-06-13,no,0
2993,151,23,2025-05-15,yes,0
2994,473,23,2025-06-21,yes,0
2995,127,23,2025-06-18,yes,0
2996,210,23,2025-06-19,yes,0
2997,153,23,2025-05-23,yes,0
2998,216,23,2025-06-05,yes,0
2999,87,23,2025-06-18,yes,0
3000,487,23,2025-06-01,yes,0
3001,94,23,2025-06-03,no,0
3002,478,23,2025-06-14,no,0
3003,30,23,2025-05-11,no,0
3004,45,24,2025-09-14,yes,39
3005,141,24,2025-08-13,no,39
3006,198,24,2025-09-16,yes,39
3007,219,24,2025-08-26,yes,39
3008,280,24,2025-08-12,no,39
3009,326,24,2025-09-06,yes,39
3010,329,24,2025-08-19,yes,39
3011,330,24,2025-09-08,yes,39
3012,334,24,2025-09-07,yes,39
3013,350,24,2025-09-14,yes,39
3014,398,24,2025-09-21,yes,39
3015,420,24,2025-08-25,yes,39
3016,452,24,2025-09-02,yes,39
3017,453,24,2025-09-10,yes,39
3018,42,24,2025-08-17,no,39
3019,136,24,2025-09-16,yes,39
3020,166,24,2025-08-27,yes,39
3021,245,24,2025-08-27,yes,39
3022,273,24,2025-09-06,yes,39
3023,278,24,2025-09-12,yes,39
3024,400,24,2025-08-30,yes,39
3025,404,24,2025-09-19,yes,39
3026,448,24,2025-08-15,yes,39
3027,31,24,2025-08-11,yes,39
3028,78,24,2025-08-31,yes,39
3029,91,24,2025-09-20,yes,39
3030,129,24,2025-09-12,yes,39
3031,244,24,2025-08-18,yes,39
3032,359,24,2025-09-13,no,39
3033,373,24,2025-09-08,yes,39
3034,375,24,2025-09-03,no,39
3035,425,24,2025-08-10,yes,39
3036,473,24,2025-09-06,yes,39
3037,481,24,2025-08-12,yes,39
3038,493,24,2025-09-01,no,39
3039,66,24,2025-08-09,yes,39
3040,77,24,2025-09-02,no,39
3041,82,24,2025-09-19,yes,39
3042,111,24,2025-08-17,no,39
3043,157,24,2025-09-10,no,39
3044,211,24,2025-08-18,yes,39
3045,240,24,2025-09-03,yes,39
3046,251,24,2025-08-17,yes,39
3047,259,24,2025-09-15,no,39
3048,283,24,2025-09-18,yes,39
3049,298,24,2025-08-17,no,39
3050,335,24,2025-09-19,no,39
3051,344,24,2025-09-21,yes,39
3052,371,24,2025-08-31,yes,39
3053,403,24,2025-09-12,yes,39
3054,422,24,2025-08-31,yes,39
3055,447,24,2025-09-08,yes,39
3056,144,24,2025-09-03,yes,39
3057,181,24,2025-08-22,no,39
3058,29,24,2025-08-08,yes,39
3059,40,24,2025-08-16,yes,39
3060,18,24,2025-08-17,yes,39
3061,115,24,2025-08-29,yes,39
3062,207,24,2025-08-27,yes,39
3063,279,24,2025-09-19,yes,39
3064,424,24,2025-09-17,yes,39
3065,444,24,2025-08-15,yes,39
3066,346,24,2025-09-21,yes,39
3067,204,24,2025-08-13,yes,39
3068,308,24,2025-08-29,yes,39
3069,378,24,2025-09-18,no,39
3070,243,24,2025-08-22,yes,39
3071,182,24,2025-09-21,yes,39
3072,75,24,2025-09-16,yes,39
3073,180,24,2025-09-09,yes,39
3074,380,24,2025-09-18,yes,39
3075,316,24,2025-09-13,yes,39
3076,357,24,2025-09-08,yes,39
3077,119,24,2025-08-09,yes,39
3078,234,24,2025-09-01,yes,39
3079,190,24,2025-08-16,yes,39
3080,413,24,2025-08-23,yes,39
3081,328,24,2025-08-28,yes,39
3082,290,24,2025-08-16,yes,39
3083,179,24,2025-08-15,no,39
3084,153,24,2025-08-26,yes,39
3085,417,24,2025-08-10,no,39
3086,262,24,2025-08-30,no,39
3087,392,24,2025-08-19,yes,39
3088,446,24,2025-08-22,yes,39
3089,426,24,2025-09-18,yes,39
3090,165,24,2025-08-26,yes,39
3091,500,24,2025-09-12,yes,39
3092,48,24,2025-09-08,yes,39
3093,321,24,2025-08-14,yes,39
3094,303,24,2025-08-10,yes,39
3095,397,24,2025-08-19,yes,39
3096,105,24,2025-09-03,yes,39
3097,192,24,2025-09-04,yes,39
3098,289,24,2025-09-15,yes,39
3099,331,24,2025-09-15,no,39
3100,341,24,2025-08-19,yes,39
3101,491,24,2025-08-24,yes,39
3102,480,24,2025-08-20,yes,39
3103,390,24,2025-08-23,no,39
3104,317,24,2025-08-08,yes,39
3105,351,24,2025-08-26,yes,39
3106,233,24,2025-09-20,yes,39
3107,263,24,2025-09-09,yes,39
3108,125,24,2025-08-26,no,39
3109,64,24,2025-08-17,yes,39
3110,256,24,2025-08-08,yes,39
3111,171,24,2025-08-27,yes,39
3112,24,24,2025-08-28,yes,39
3113,121,24,2025-09-04,yes,39
3114,172,24,2025-08-16,yes,39
3115,467,24,2025-09-06,yes,39
3116,318,24,2025-09-01,yes,39
3117,301,24,2025-08-11,no,39
3118,482,24,2025-08-22,yes,39
3119,250,24,2025-08-16,no,39
3120,310,24,2025-09-17,yes,39
3121,419,24,2025-08-31,yes,39
3122,117,24,2025-09-21,yes,39
3123,128,24,2025-09-05,no,39
3124,432,24,2025-08-11,yes,39
3125,9,24,2025-08-20,yes,39
3126,55,24,2025-09-03,yes,39
3127,226,24,2025-08-20,no,39
3128,152,24,2025-09-11,yes,39
3129,339,24,2025-09-14,yes,39
3130,267,24,2025-09-10,yes,39
3131,130,24,2025-08-22,no,39
3132,304,24,2025-08-11,yes,39
3133,269,24,2025-09-01,yes,39
3134,33,24,2025-09-10,yes,39
3135,98,24,2025-09-17,no,39
3136,370,24,2025-08-28,yes,39
3137,155,24,2025-08-25,no,39
3138,158,24,2025-09-04,yes,39
3139,44,24,2025-08-11,yes,39
3140,72,24,2025-08-27,yes,39
3141,23,24,2025-09-14,yes,39
3142,253,24,2025-08-20,yes,39
3143,19,24,2025-08-18,yes,39
3144,285,24,2025-08-13,yes,39
3145,71,24,2025-08-08,yes,39
3146,498,24,2025-09-12,yes,39
3147,134,24,2025-08-12,yes,39
3148,151,24,2025-09-05,no,39
3149,107,24,2025-08-10,yes,39
3150,315,24,2025-09-01,yes,39
3151,237,24,2025-08-18,yes,39
3152,297,24,2025-09-02,no,39
3153,53,24,2025-08-19,yes,39
3154,140,24,2025-08-26,yes,39
3155,200,24,2025-08-10,no,39
3156,354,24,2025-08-17,no,39
3157,471,24,2025-08-10,yes,39
3158,391,24,2025-08-29,yes,39
3159,307,24,2025-09-01,yes,39
3160,167,24,2025-09-10,yes,39
3161,20,24,2025-09-01,yes,39
3162,168,24,2025-08-27,yes,39
3163,367,24,2025-08-14,no,39
3164,127,24,2025-09-16,no,39
3165,120,24,2025-08-08,yes,39
3166,45,25,2025-11-04,yes,165
3167,198,25,2025-10-03,no,165
3168,326,25,2025-11-01,no,165
3169,329,25,2025-10-23,yes,165
3170,330,25,2025-10-23,yes,165
3171,334,25,2025-10-15,no,165
3172,350,25,2025-11-03,yes,165
3173,398,25,2025-09-25,no,165
3174,420,25,2025-09-26,no,165
3175,452,25,2025-10-27,yes,165
3176,453,25,2025-10-25,yes,165
3177,92,25,2025-09-28,yes,165
3178,117,25,2025-09-26,no,165
3179,136,25,2025-10-30,yes,165
3180,166,25,2025-10-08,yes,165
3181,245,25,2025-11-01,yes,165
3182,273,25,2025-09-25,no,165
3183,278,25,2025-10-04,yes,165
3184,324,25,2025-10-08,no,165
3185,345,25,2025-10-17,yes,165
3186,400,25,2025-10-31,yes,165
3187,404,25,2025-10-31,yes,165
3188,448,25,2025-09-30,yes,165
3189,12,25,2025-10-15,yes,165
3190,58,25,2025-10-29,yes,165
3191,89,25,2025-11-01,yes,165
3192,167,25,2025-10-03,yes,165
3193,201,25,2025-11-01,yes,165
3194,450,25,2025-09-28,yes,165
3195,464,25,2025-10-12,yes,165
3196,15,25,2025-09-23,yes,165
3197,107,25,2025-10-10,yes,165
3198,210,25,2025-10-30,yes,165
3199,390,25,2025-10-14,yes,165
3200,405,25,2025-10-31,yes,165
3201,406,25,2025-10-09,yes,165
3202,441,25,2025-11-05,no,165
3203,468,25,2025-11-06,no,165
3204,1,25,2025-10-24,no,165
3205,10,25,2025-11-04,yes,165
3206,22,25,2025-10-03,no,165
3207,91,25,2025-09-26,yes,165
3208,99,25,2025-10-18,no,165
3209,128,25,2025-10-06,yes,165
3210,243,25,2025-10-20,no,165
3211,355,25,2025-10-15,yes,165
3212,375,25,2025-09-26,yes,165
3213,378,25,2025-10-16,yes,165
3214,401,25,2025-10-18,yes,165
3215,433,25,2025-11-04,yes,165
3216,456,25,2025-09-26,yes,165
3217,457,25,2025-09-27,yes,165
3218,492,25,2025-10-11,yes,165
3219,4,25,2025-10-05,yes,165
3220,49,25,2025-11-03,yes,165
3221,63,25,2025-10-28,yes,165
3222,66,25,2025-10-01,yes,165
3223,79,25,2025-10-03,yes,165
3224,95,25,2025-09-25,no,165
3225,106,25,2025-10-20,yes,165
3226,135,25,2025-10-25,yes,165
3227,151,25,2025-10-25,yes,165
3228,232,25,2025-10-07,no,165
3229,268,25,2025-10-04,yes,165
3230,283,25,2025-09-23,yes,165
3231,328,25,2025-10-12,no,165
3232,333,25,2025-09-23,yes,165
3233,342,25,2025-09-23,yes,165
3234,391,25,2025-09-25,yes,165
3235,426,25,2025-10-23,yes,165
3236,480,25,2025-10-11,no,165
3237,487,25,2025-09-24,no,165
3238,495,25,2025-09-25,yes,165
3239,98,25,2025-11-01,no,165
3240,225,25,2025-10-29,no,165
3241,277,25,2025-10-04,yes,165
3242,300,25,2025-10-12,yes,165
3243,351,25,2025-10-14,yes,165
3244,449,25,2025-09-23,yes,165
3245,477,25,2025-10-22,yes,165
3246,38,25,2025-10-12,yes,165
3247,261,25,2025-11-01,no,165
3248,352,25,2025-10-08,yes,165
3249,56,25,2025-09-24,yes,165
3250,115,25,2025-11-04,yes,165
3251,207,25,2025-10-29,no,165
3252,279,25,2025-09-29,yes,165
3253,444,25,2025-10-22,yes,165
3254,339,25,2025-10-24,yes,165
3255,403,25,2025-10-28,yes,165
3256,228,25,2025-10-28,yes,165
3257,127,25,2025-10-23,yes,165
3258,251,25,2025-10-05,yes,165
3259,373,25,2025-10-01,yes,165
3260,175,25,2025-10-11,no,165
3261,203,25,2025-09-30,no,165
3262,366,25,2025-10-18,yes,165
3263,410,25,2025-10-21,yes,165
3264,318,25,2025-10-29,yes,165
3265,319,25,2025-10-18,yes,165
3266,310,25,2025-10-24,yes,165
3267,74,25,2025-10-10,yes,165
3268,102,25,2025-10-20,yes,165
3269,34,25,2025-09-28,no,165
3270,155,25,2025-10-17,no,165
3271,217,25,2025-11-05,yes,165
3272,250,25,2025-10-30,yes,165
3273,90,25,2025-10-04,yes,165
3274,440,25,2025-11-03,yes,165
3275,20,25,2025-10-01,no,165
3276,40,25,2025-10-16,yes,165
3277,436,25,2025-10-01,yes,165
3278,148,25,2025-10-27,yes,165
3279,253,25,2025-10-30,yes,165
3280,14,25,2025-10-06,no,165
3281,101,25,2025-10-22,no,165
3282,382,25,2025-10-05,no,165
3283,183,25,2025-10-24,yes,165
3284,427,25,2025-10-30,no,165
3285,69,25,2025-10-10,yes,165
3286,368,25,2025-10-29,yes,165
3287,314,25,2025-10-23,yes,165
3288,293,25,2025-10-22,yes,165
3289,271,25,2025-11-05,yes,165
3290,168,25,2025-10-20,yes,165
3291,282,25,2025-09-27,no,165
3292,388,25,2025-10-22,yes,165
3293,141,25,2025-10-08,yes,165
3294,372,25,2025-10-19,no,165
3295,32,25,2025-10-06,yes,165
3296,497,25,2025-10-18,yes,165
3297,301,25,2025-10-31,yes,165
3298,307,25,2025-09-25,yes,165
3299,264,25,2025-10-20,yes,165
3300,407,25,2025-10-16,yes,165
3301,174,25,2025-10-08,no,165
3302,296,25,2025-10-29,yes,165
3303,226,25,2025-09-26,yes,165
3304,493,25,2025-11-04,yes,165
3305,6,25,2025-10-03,no,165
3306,451,25,2025-09-29,yes,165
3307,216,25,2025-10-01,yes,165
3308,45,26,2025-10-01,yes,0
3309,141,26,2025-09-21,yes,0
3310,198,26,2025-09-10,yes,0
3311,219,26,2025-08-24,no,0
3312,280,26,2025-09-20,yes,0
3313,326,26,2025-09-21,yes,0
3314,329,26,2025-09-23,yes,0
3315,334,26,2025-09-13,yes,0
3316,350,26,2025-09-14,yes,0
3317,398,26,2025-09-30,yes,0
3318,420,26,2025-09-07,yes,0
3319,452,26,2025-09-23,yes,0
3320,453,26,2025-09-11,yes,0
3321,42,26,2025-09-06,yes,0
3322,92,26,2025-08-30,yes,0
3323,117,26,2025-08-26,yes,0
3324,136,26,2025-08-31,yes,0
3325,166,26,2025-09-05,yes,0
3326,217,26,2025-10-01,yes,0
3327,245,26,2025-09-17,yes,0
3328,324,26,2025-08-25,yes,0
3329,345,26,2025-08-28,yes,0
3330,400,26,2025-09-04,yes,0
3331,404,26,2025-08-29,yes,0
3332,448,26,2025-10-01,no,0
3333,12,26,2025-08-25,no,0
3334,58,26,2025-09-29,no,0
3335,89,26,2025-09-16,no,0
3336,148,26,2025-08-26,no,0
3337,167,26,2025-08-29,yes,0
3338,237,26,2025-08-26,no,0
3339,299,26,2025-10-04,yes,0
3340,450,26,2025-10-02,yes,0
3341,464,26,2025-08-25,no,0
3342,51,26,2025-09-17,yes,0
3343,87,26,2025-10-02,no,0
3344,107,26,2025-09-10,yes,0
3345,210,26,2025-09-26,yes,0
3346,242,26,2025-08-30,yes,0
3347,264,26,2025-09-13,yes,0
3348,271,26,2025-09-28,yes,0
3349,292,26,2025-09-15,yes,0
3350,321,26,2025-09-15,yes,0
3351,390,26,2025-10-02,yes,0
3352,405,26,2025-09-22,yes,0
3353,406,26,2025-09-16,yes,0
3354,416,26,2025-09-08,yes,0
3355,31,26,2025-09-12,yes,0
3356,91,26,2025-09-27,yes,0
3357,129,26,2025-09-23,yes,0
3358,130,26,2025-09-09,yes,0
3359,173,26,2025-08-31,yes,0
3360,244,26,2025-09-10,yes,0
3361,294,26,2025-09-23,yes,0
3362,318,26,2025-09-28,yes,0
3363,375,26,2025-09-01,yes,0
3364,397,26,2025-08-27,yes,0
3365,402,26,2025-10-02,no,0
3366,425,26,2025-09-18,yes,0
3367,433,26,2025-09-26,no,0
3368,473,26,2025-09-03,yes,0
3369,37,26,2025-09-26,yes,0
3370,63,26,2025-09-16,no,0
3371,82,26,2025-10-05,yes,0
3372,135,26,2025-08-30,no,0
3373,161,26,2025-09-17,yes,0
3374,179,26,2025-09-05,yes,0
3375,268,26,2025-10-05,yes,0
3376,286,26,2025-08-29,no,0
3377,295,26,2025-09-23,no,0
3378,298,26,2025-10-02,yes,0
3379,348,26,2025-10-01,yes,0
3380,447,26,2025-09-15,yes,0
3381,39,26,2025-09-10,yes,0
3382,300,26,2025-10-05,yes,0
3383,388,26,2025-08-30,yes,0
3384,18,26,2025-10-01,yes,0
3385,115,26,2025-09-07,yes,0
3386,207,26,2025-10-05,no,0
3387,444,26,2025-08-31,yes,0
3388,45,27,2025-12-14,yes,83
3389,141,27,2025-12-03,no,83
3390,280,27,2025-11-12,yes,83
3391,326,27,2025-12-10,yes,83
3392,329,27,2025-11-29,yes,83
3393,330,27,2025-11-17,yes,83
3394,334,27,2025-11-01,yes,83
3395,398,27,2025-12-05,yes,83
3396,420,27,2025-11-04,yes,83
3397,453,27,2025-11-07,no,83
3398,42,27,2025-12-02,yes,83
3399,136,27,2025-12-09,no,83
3400,217,27,2025-11-22,yes,83
3401,278,27,2025-11-26,no,83
3402,345,27,2025-11-20,yes,83
3403,400,27,2025-11-22,yes,83
3404,448,27,2025-11-16,yes,83
3405,1,27,2025-11-16,no,83
3406,10,27,2025-11-16,yes,83
3407,99,27,2025-12-11,yes,83
3408,125,27,2025-12-08,no,83
3409,244,27,2025-12-12,no,83
3410,316,27,2025-11-21,yes,83
3411,375,27,2025-11-18,yes,83
3412,425,27,2025-11-19,yes,83
3413,472,27,2025-11-18,yes,83
3414,492,27,2025-11-16,yes,83
3415,3,27,2025-11-28,no,83
3416,6,27,2025-12-08,no,83
3417,33,27,2025-11-11,yes,83
3418,37,27,2025-12-03,yes,83
3419,60,27,2025-11-11,yes,83
3420,79,27,2025-11-12,yes,83
3421,126,27,2025-11-29,no,83
3422,150,27,2025-11-10,yes,83
3423,179,27,2025-12-02,yes,83
3424,221,27,2025-11-28,yes,83
3425,233,27,2025-11-17,yes,83
3426,257,27,2025-11-22,no,83
3427,272,27,2025-11-16,yes,83
3428,275,27,2025-11-17,yes,83
3429,298,27,2025-11-02,yes,83
3430,308,27,2025-11-28,no,83
3431,357,27,2025-11-15,yes,83
3432,393,27,2025-11-12,yes,83
3433,421,27,2025-11-02,yes,83
3434,426,27,2025-11-06,yes,83
3435,427,27,2025-12-09,yes,83
3436,98,27,2025-11-23,yes,83
3437,169,27,2025-11-03,yes,83
3438,181,27,2025-11-06,yes,83
3439,388,27,2025-11-27,yes,83
3440,413,27,2025-11-20,yes,83
3441,38,27,2025-11-15,yes,83
3442,204,27,2025-12-14,yes,83
3443,18,27,2025-11-26,yes,83
3444,56,27,2025-12-06,yes,83
3445,115,27,2025-12-05,yes,83
3446,279,27,2025-11-17,yes,83
3447,361,27,2025-12-09,no,83
3448,424,27,2025-11-25,yes,83
3449,444,27,2025-11-04,yes,83
3450,463,27,2025-11-24,no,83
3451,419,27,2025-11-09,yes,83
3452,385,27,2025-11-06,yes,83
3453,223,27,2025-11-23,yes,83
3454,457,27,2025-11-25,no,83
3455,212,27,2025-11-03,yes,83
3456,178,27,2025-11-19,yes,83
3457,383,27,2025-12-06,no,83
3458,112,27,2025-11-01,no,83
3459,151,27,2025-11-09,yes,83
3460,497,27,2025-11-21,yes,83
3461,434,27,2025-11-07,yes,83
3462,51,27,2025-11-02,yes,83
3463,355,27,2025-11-30,yes,83
3464,423,27,2025-12-05,no,83
3465,155,27,2025-11-03,yes,83
3466,132,27,2025-11-08,yes,83
3467,142,27,2025-11-18,no,83
3468,58,27,2025-12-02,no,83
3469,77,27,2025-12-13,yes,83
3470,248,27,2025-11-21,yes,83
3471,342,27,2025-11-25,no,83
3472,422,27,2025-11-10,yes,83
3473,287,27,2025-11-01,yes,83
3474,129,27,2025-11-01,no,83
3475,182,27,2025-11-28,yes,83
3476,175,27,2025-11-22,yes,83
3477,140,27,2025-11-30,no,83
3478,333,27,2025-11-06,no,83
3479,297,27,2025-11-02,yes,83
3480,190,27,2025-12-01,yes,83
3481,197,27,2025-12-04,yes,83
3482,456,27,2025-11-17,yes,83
3483,114,27,2025-12-13,no,83
3484,282,27,2025-12-07,no,83
3485,113,27,2025-12-12,yes,83
3486,500,27,2025-12-13,yes,83
3487,317,27,2025-12-12,yes,83
3488,373,27,2025-11-06,yes,83
3489,471,27,2025-12-09,yes,83
3490,469,27,2025-12-15,yes,83
3491,21,27,2025-11-19,yes,83
3492,174,27,2025-11-24,yes,83
3493,390,27,2025-11-30,yes,83
3494,402,27,2025-11-05,yes,83
3495,452,27,2025-12-09,yes,83
3496,41,27,2025-11-17,yes,83
3497,367,27,2025-12-09,yes,83
3498,380,27,2025-11-06,yes,83
3499,121,27,2025-12-14,yes,83
3500,310,27,2025-11-12,yes,83
3501,196,27,2025-12-14,yes,83
3502,68,27,2025-11-17,yes,83
3503,387,27,2025-12-14,yes,83
3504,303,27,2025-12-01,yes,83
3505,40,27,2025-11-26,yes,83
3506,240,27,2025-11-11,yes,83
3507,30,27,2025-11-18,no,83
3508,72,27,2025-12-12,yes,83
3509,172,27,2025-12-04,yes,83
3510,245,27,2025-12-12,yes,83
3511,481,27,2025-12-02,no,83
3512,350,27,2025-11-23,yes,83
3513,219,27,2025-11-02,no,83
3514,358,27,2025-11-12,no,83
3515,379,27,2025-11-11,yes,83
3516,443,27,2025-12-15,yes,83
3517,147,27,2025-11-24,no,83
3518,201,27,2025-11-26,yes,83
3519,14,27,2025-12-09,no,83
3520,106,27,2025-11-21,yes,83
3521,16,27,2025-12-15,yes,83
3522,205,27,2025-12-11,yes,83
3523,327,27,2025-11-27,no,83
3524,69,27,2025-11-17,no,83
3525,320,27,2025-12-06,yes,83
3526,258,27,2025-11-14,yes,83
3527,339,27,2025-11-19,yes,83
3528,177,27,2025-12-14,no,83
3529,222,27,2025-11-25,yes,83
3530,252,27,2025-11-21,yes,83
3531,494,27,2025-12-04,yes,83
3532,486,27,2025-11-12,yes,83
3533,348,27,2025-11-28,no,83
3534,228,27,2025-11-30,yes,83
3535,312,27,2025-11-12,yes,83
3536,35,27,2025-12-12,no,83
3537,290,27,2025-12-12,yes,83
3538,319,27,2025-11-06,yes,83
3539,117,27,2025-11-11,yes,83
3540,185,27,2025-12-12,yes,83
3541,336,27,2025-11-17,yes,83
3542,289,27,2025-11-14,yes,83
3543,85,27,2025-11-20,yes,83
3544,301,27,2025-12-04,yes,83
3545,356,27,2025-11-14,yes,83
3546,152,27,2025-11-21,yes,83
3547,120,27,2025-11-21,yes,83
3548,53,27,2025-11-27,yes,83
3549,331,27,2025-12-13,yes,83
3550,7,27,2025-11-27,no,83
3551,108,27,2025-11-23,yes,83
3552,352,27,2025-11-22,yes,83
3553,261,27,2025-12-02,yes,83
3554,45,28,2025-02-04,yes,0
3555,198,28,2025-01-31,yes,0
3556,219,28,2025-01-27,yes,0
3557,326,28,2025-02-22,no,0
3558,330,28,2025-03-02,yes,0
3559,398,28,2025-02-22,yes,0
3560,420,28,2025-01-26,yes,0
3561,452,28,2025-01-30,yes,0
3562,453,28,2025-02-06,yes,0
3563,42,28,2025-02-10,yes,0
3564,92,28,2025-03-10,yes,0
3565,117,28,2025-01-29,no,0
3566,136,28,2025-02-16,no,0
3567,217,28,2025-02-01,yes,0
3568,273,28,2025-03-07,yes,0
3569,278,28,2025-02-15,no,0
3570,404,28,2025-02-25,no,0
3571,448,28,2025-02-09,yes,0
3572,1,28,2025-03-01,yes,0
3573,113,28,2025-02-19,no,0
3574,125,28,2025-02-28,yes,0
3575,173,28,2025-02-10,yes,0
3576,193,28,2025-02-21,yes,0
3577,243,28,2025-02-06,no,0
3578,262,28,2025-02-28,yes,0
3579,359,28,2025-02-18,yes,0
3580,375,28,2025-02-19,yes,0
3581,383,28,2025-02-05,yes,0
3582,402,28,2025-02-10,no,0
3583,415,28,2025-02-15,yes,0
3584,456,28,2025-01-29,no,0
3585,457,28,2025-02-24,yes,0
3586,492,28,2025-01-29,yes,0
3587,6,28,2025-03-03,yes,0
3588,37,28,2025-01-27,no,0
3589,66,28,2025-01-30,yes,0
3590,69,28,2025-01-26,yes,0
3591,95,28,2025-03-01,yes,0
3592,120,28,2025-02-08,yes,0
3593,133,28,2025-03-11,no,0
3594,185,28,2025-02-20,yes,0
3595,194,28,2025-02-15,yes,0
3596,257,28,2025-02-28,no,0
3597,268,28,2025-02-07,yes,0
3598,305,28,2025-02-16,yes,0
3599,308,28,2025-01-30,yes,0
3600,328,28,2025-02-03,yes,0
3601,336,28,2025-02-05,yes,0
3602,387,28,2025-02-15,yes,0
3603,421,28,2025-02-08,yes,0
3604,422,28,2025-02-19,no,0
3605,53,28,2025-03-08,no,0
3606,104,28,2025-02-14,yes,0
3607,181,28,2025-02-10,yes,0
3608,222,28,2025-03-03,yes,0
3609,300,28,2025-03-11,yes,0
3610,351,28,2025-02-21,yes,0
3611,413,28,2025-02-18,yes,0
3612,449,28,2025-02-06,yes,0
3613,9,28,2025-02-12,no,0
3614,29,28,2025-03-04,yes,0
3615,38,28,2025-02-21,yes,0
3616,204,28,2025-02-14,yes,0
3617,56,28,2025-03-09,no,0
3618,115,28,2025-02-15,yes,0
3619,361,28,2025-02-27,yes,0
3620,424,28,2025-02-05,yes,0
3621,444,28,2025-03-09,yes,0
3622,13,28,2025-02-23,yes,0
3623,331,28,2025-02-08,no,0
3624,256,28,2025-01-30,yes,0
3625,324,28,2025-01-28,no,0
3626,42,29,2025-02-05,yes,0
3627,92,29,2025-02-13,no,0
3628,136,29,2025-01-31,yes,0
3629,166,29,2025-01-19,yes,0
3630,217,29,2025-01-24,yes,0
3631,245,29,2025-01-21,yes,0
3632,278,29,2025-01-19,yes,0
3633,404,29,2025-02-06,yes,0
3634,448,29,2025-01-24,yes,0
3635,125,29,2025-01-30,no,0
3636,243,29,2025-02-21,yes,0
3637,294,29,2025-02-08,no,0
3638,316,29,2025-02-03,no,0
3639,355,29,2025-01-24,yes,0
3640,401,29,2025-02-06,yes,0
3641,425,29,2025-02-18,yes,0
3642,433,29,2025-01-22,yes,0
3643,440,29,2025-02-22,yes,0
3644,472,29,2025-02-06,no,0
3645,491,29,2025-02-15,no,0
3646,6,29,2025-01-27,no,0
3647,54,29,2025-01-14,yes,0
3648,69,29,2025-02-23,no,0
3649,111,29,2025-01-30,no,0
3650,185,29,2025-01-29,yes,0
3651,186,29,2025-02-02,yes,0
3652,190,29,2025-02-23,yes,0
3653,249,29,2025-02-20,yes,0
3654,293,29,2025-01-23,yes,0
3655,303,29,2025-02-23,yes,0
3656,328,29,2025-01-21,yes,0
3657,333,29,2025-02-10,yes,0
3658,393,29,2025-01-19,yes,0
3659,422,29,2025-02-09,yes,0
3660,426,29,2025-02-21,yes,0
3661,436,29,2025-02-19,yes,0
3662,443,29,2025-01-23,yes,0
3663,447,29,2025-01-23,yes,0
3664,39,29,2025-02-22,no,0
3665,41,29,2025-02-02,yes,0
3666,300,29,2025-02-03,no,0
3667,327,29,2025-02-01,yes,0
3668,477,29,2025-01-21,yes,0
3669,9,29,2025-01-22,yes,0
3670,29,29,2025-01-16,yes,0
3671,38,29,2025-01-29,yes,0
3672,204,29,2025-02-15,yes,0
3673,18,29,2025-01-27,yes,0
3674,115,29,2025-01-26,no,0
3675,207,29,2025-02-01,no,0
3676,279,29,2025-02-06,yes,0
3677,361,29,2025-01-16,yes,0
3678,444,29,2025-01-20,yes,0
3679,45,30,2024-12-10,yes,0
3680,141,30,2025-01-01,yes,0
3681,219,30,2024-12-23,yes,0
3682,280,30,2025-01-04,yes,0
3683,326,30,2024-12-25,yes,0
3684,329,30,2024-12-16,no,0
3685,334,30,2024-11-29,yes,0
3686,398,30,2025-01-01,yes,0
3687,420,30,2025-01-04,yes,0
3688,452,30,2024-12-12,yes,0
3689,453,30,2024-11-30,yes,0
3690,117,30,2024-12-06,yes,0
3691,136,30,2025-01-04,yes,0
3692,166,30,2024-12-17,yes,0
3693,273,30,2024-12-27,yes,0
3694,345,30,2024-12-13,yes,0
3695,400,30,2025-01-03,no,0
3696,404,30,2025-01-04,yes,0
3697,22,30,2024-12-31,yes,0
3698,31,30,2024-11-27,yes,0
3699,141,31,2025-12-03,yes,0
3700,198,31,2025-11-03,yes,0
3701,219,31,2025-12-02,yes,0
3702,280,31,2025-11-22,yes,0
3703,326,31,2025-11-27,no,0
3704,329,31,2025-11-27,yes,0
3705,334,31,2025-11-02,yes,0
3706,350,31,2025-11-23,yes,0
3707,398,31,2025-11-01,yes,0
3708,420,31,2025-12-01,yes,0
3709,452,31,2025-11-12,yes,0
3710,42,31,2025-11-22,yes,0
3711,92,31,2025-11-22,no,0
3712,117,31,2025-12-06,yes,0
3713,166,31,2025-10-26,yes,0
3714,217,31,2025-11-08,yes,0
3715,273,31,2025-11-05,yes,0
3716,345,31,2025-12-01,yes,0
3717,400,31,2025-11-16,yes,0
3718,404,31,2025-11-22,yes,0
3719,31,31,2025-12-03,yes,0
3720,78,31,2025-11-13,yes,0
3721,91,31,2025-11-16,yes,0
3722,99,31,2025-12-03,no,0
3723,129,31,2025-11-28,yes,0
3724,215,31,2025-10-23,yes,0
3725,296,31,2025-10-28,no,0
3726,355,31,2025-11-07,yes,0
3727,359,31,2025-10-26,yes,0
3728,368,31,2025-11-10,no,0
3729,373,31,2025-11-03,yes,0
3730,375,31,2025-11-26,yes,0
3731,378,31,2025-12-05,no,0
3732,401,31,2025-12-06,yes,0
3733,402,31,2025-10-23,yes,0
3734,419,31,2025-10-31,yes,0
3735,457,31,2025-12-03,yes,0
3736,26,31,2025-10-27,no,0
3737,33,31,2025-11-29,yes,0
3738,60,31,2025-11-16,no,0
3739,79,31,2025-11-26,yes,0
3740,82,31,2025-11-21,yes,0
3741,111,31,2025-11-13,yes,0
3742,133,31,2025-11-07,no,0
3743,157,31,2025-11-26,yes,0
3744,179,31,2025-11-15,yes,0
3745,220,31,2025-11-19,yes,0
3746,233,31,2025-11-24,no,0
3747,252,31,2025-12-05,yes,0
3748,307,31,2025-11-11,yes,0
3749,342,31,2025-12-06,yes,0
3750,393,31,2025-11-23,yes,0
3751,461,31,2025-10-26,yes,0
3752,500,31,2025-11-18,no,0
3753,43,31,2025-11-02,yes,0
3754,182,31,2025-11-29,yes,0
3755,388,31,2025-11-17,yes,0
3756,432,31,2025-11-30,no,0
3757,449,31,2025-11-21,yes,0
3758,463,31,2025-10-24,no,0
3759,477,31,2025-12-06,yes,0
3760,261,31,2025-11-29,no,0
3761,341,31,2025-12-06,yes,0
3762,18,31,2025-11-02,yes,0
3763,207,31,2025-11-30,yes,0
3764,361,31,2025-12-03,yes,0
3765,424,31,2025-10-23,no,0
3766,198,32,2025-04-18,yes,100
3767,219,32,2025-04-19,yes,100
3768,280,32,2025-04-25,yes,100
3769,326,32,2025-04-19,yes,100
3770,329,32,2025-04-19,yes,100
3771,330,32,2025-05-20,yes,100
3772,398,32,2025-04-13,yes,100
3773,420,32,2025-04-26,yes,100
3774,452,32,2025-04-27,yes,100
3775,453,32,2025-04-06,no,100
3776,42,32,2025-05-10,yes,100
3777,92,32,2025-04-09,yes,100
3778,117,32,2025-04-06,yes,100
3779,136,32,2025-04-09,no,100
3780,217,32,2025-05-09,yes,100
3781,245,32,2025-04-10,yes,100
3782,273,32,2025-05-14,yes,100
3783,278,32,2025-04-14,yes,100
3784,324,32,2025-05-07,yes,100
3785,345,32,2025-04-23,no,100
3786,400,32,2025-04-26,no,100
3787,404,32,2025-04-10,no,100
3788,448,32,2025-05-14,yes,100
3789,173,32,2025-04-19,no,100
3790,243,32,2025-04-23,yes,100
3791,262,32,2025-04-07,yes,100
3792,318,32,2025-05-02,yes,100
3793,378,32,2025-04-12,yes,100
3794,379,32,2025-04-11,no,100
3795,401,32,2025-05-16,yes,100
3796,440,32,2025-04-15,yes,100
3797,472,32,2025-04-28,yes,100
3798,473,32,2025-04-30,yes,100
3799,491,32,2025-04-08,no,100
3800,54,32,2025-04-16,yes,100
3801,71,32,2025-04-10,yes,100
3802,106,32,2025-05-12,yes,100
3803,114,32,2025-04-18,yes,100
3804,157,32,2025-04-10,yes,100
3805,170,32,2025-05-11,yes,100
3806,185,32,2025-05-02,no,100
3807,220,32,2025-04-17,yes,100
3808,249,32,2025-04-26,yes,100
3809,288,32,2025-05-19,no,100
3810,289,32,2025-04-22,no,100
3811,295,32,2025-05-14,yes,100
3812,305,32,2025-05-07,yes,100
3813,344,32,2025-05-13,yes,100
3814,98,32,2025-04-26,yes,100
3815,144,32,2025-04-23,no,100
3816,169,32,2025-04-26,yes,100
3817,181,32,2025-04-07,yes,100
3818,388,32,2025-05-01,yes,100
3819,413,32,2025-05-14,yes,100
3820,432,32,2025-05-15,yes,100
3821,462,32,2025-05-07,yes,100
3822,18,32,2025-04-15,yes,100
3823,56,32,2025-04-06,yes,100
3824,361,32,2025-04-14,no,100
3825,424,32,2025-04-29,no,100
3826,166,32,2025-04-09,yes,100
3827,464,32,2025-04-13,yes,100
3828,15,32,2025-04-30,yes,100
3829,115,32,2025-05-15,yes,100
3830,113,32,2025-04-16,yes,100
3831,396,32,2025-05-14,yes,100
3832,36,32,2025-05-04,yes,100
3833,471,32,2025-04-17,yes,100
3834,89,32,2025-04-26,yes,100
3835,447,32,2025-05-05,yes,100
3836,152,32,2025-04-18,yes,100
3837,436,32,2025-04-30,yes,100
3838,131,32,2025-05-06,yes,100
3839,439,32,2025-04-09,yes,100
3840,78,32,2025-04-29,yes,100
3841,321,32,2025-05-01,yes,100
3842,426,32,2025-05-17,yes,100
3843,335,32,2025-04-19,yes,100
3844,469,32,2025-05-14,yes,100
3845,327,32,2025-04-13,no,100
3846,463,32,2025-05-08,yes,100
3847,298,32,2025-04-13,yes,100
3848,91,32,2025-04-18,yes,100
3849,455,32,2025-04-20,yes,100
3850,172,32,2025-05-12,yes,100
3851,307,32,2025-04-19,yes,100
3852,434,32,2025-04-08,no,100
3853,119,32,2025-05-11,no,100
3854,373,32,2025-04-14,yes,100
3855,53,32,2025-05-01,no,100
3856,391,32,2025-05-16,yes,100
3857,76,32,2025-04-21,yes,100
3858,458,32,2025-05-05,yes,100
3859,423,32,2025-04-12,yes,100
3860,205,32,2025-05-04,yes,100
3861,17,32,2025-04-27,no,100
3862,358,32,2025-04-08,yes,100
3863,499,32,2025-04-20,no,100
3864,263,32,2025-05-17,yes,100
3865,38,32,2025-05-04,no,100
3866,268,32,2025-05-17,yes,100
3867,461,32,2025-05-03,no,100
3868,429,32,2025-04-12,yes,100
3869,240,32,2025-04-19,yes,100
3870,481,32,2025-05-05,yes,100
3871,43,32,2025-04-06,yes,100
3872,315,32,2025-04-20,yes,100
3873,233,32,2025-05-17,yes,100
3874,232,32,2025-04-20,yes,100
3875,414,32,2025-05-03,yes,100
3876,477,32,2025-04-27,yes,100
3877,301,32,2025-04-07,yes,100
3878,320,32,2025-04-26,yes,100
3879,168,32,2025-05-14,no,100
3880,177,32,2025-05-11,yes,100
3881,22,32,2025-05-08,no,100
3882,41,32,2025-05-16,yes,100
3883,275,32,2025-04-06,yes,100
3884,316,32,2025-04-28,no,100
